pairs,n_pairs,risk_pct,annual_return_pct,mtm_dd_pct,realized_dd_pct,profit_factor,sharpe,winrate_pct,trades,years,final_balance
1000PEPEUSDT+MUSDT+TONUSDT,3,0.75,108.21,29.59,12.56,2.967,1.143,38.5,439,2.95,868972.67
1000PEPEUSDT+MUSDT+TONUSDT,3,1.0,150.4,32.94,16.43,3.001,1.141,38.5,439,2.95,1497020.2
1000PEPEUSDT+MUSDT+DYDXUSDT,3,0.75,89.41,22.67,9.72,2.665,1.117,40.12,339,2.95,657430.61
1000PEPEUSDT+MUSDT+DYDXUSDT,3,1.0,123.86,25.51,12.8,2.57,1.113,40.12,339,2.95,1075961.06
1000PEPEUSDT+MUSDT+RUNEUSDT,3,0.75,88.47,22.67,12.93,2.496,1.107,39.13,345,2.95,647832.42
1000PEPEUSDT+MUSDT+RUNEUSDT,3,1.0,122.42,25.51,16.89,2.361,1.105,39.13,345,2.95,1055716.06
1000PEPEUSDT+MUSDT+XRPUSDT,3,0.75,113.99,23.91,9.98,2.395,1.245,39.26,489,2.98,961890.59
1000PEPEUSDT+MUSDT+XRPUSDT,3,1.0,161.44,27.5,13.11,2.306,1.239,39.26,489,2.98,1745468.81
1000PEPEUSDT+MUSDT+BOMEUSDT,3,0.75,83.48,22.67,7.55,2.645,1.075,41.16,345,2.95,598603.67
1000PEPEUSDT+MUSDT+BOMEUSDT,3,1.0,115.04,25.51,9.95,2.556,1.072,41.16,345,2.95,955721.46
1000PEPEUSDT+MUSDT+ENSUSDT,3,0.75,83.84,22.67,9.6,2.631,1.081,42.42,363,2.95,602027.51
1000PEPEUSDT+MUSDT+ENSUSDT,3,1.0,115.74,25.51,12.62,2.545,1.078,42.42,363,2.95,964884.44
1000PEPEUSDT+MUSDT+WLDUSDT,3,0.75,95.73,20.22,10.81,2.272,1.28,38.27,473,2.95,724167.9
1000PEPEUSDT+MUSDT+WLDUSDT,3,1.0,131.67,22.49,14.17,2.186,1.303,38.27,473,2.95,1190460.44
1000PEPEUSDT+MUSDT+XLMUSDT,3,0.75,105.3,22.8,12.87,2.267,1.145,38.65,489,2.95,833656.41
1000PEPEUSDT+MUSDT+XLMUSDT,3,1.0,146.63,25.68,16.82,2.175,1.142,38.65,489,2.95,1431642.7
1000PEPEUSDT+TONUSDT+DYDXUSDT,3,0.75,103.45,29.59,12.62,2.749,1.117,38.11,454,2.95,811646.77
1000PEPEUSDT+TONUSDT+DYDXUSDT,3,1.0,142.34,32.94,16.5,2.772,1.113,38.11,454,2.95,1359422.72
1000PEPEUSDT+TONUSDT+RUNEUSDT,3,0.75,102.13,29.59,14.88,2.603,1.107,37.39,460,2.95,796214.3
1000PEPEUSDT+TONUSDT+RUNEUSDT,3,1.0,140.22,32.94,19.37,2.577,1.104,37.39,460,2.95,1324638.4
1000PEPEUSDT+TONUSDT+XRPUSDT,3,0.75,128.07,29.91,13.9,2.518,1.228,37.91,604,2.98,1162610.08
1000PEPEUSDT+TONUSDT+XRPUSDT,3,1.0,179.64,33.28,18.14,2.522,1.221,37.91,604,2.98,2132554.27
1000PEPEUSDT+TONUSDT+BOMEUSDT,3,0.75,97.07,29.59,11.46,2.701,1.08,38.91,460,2.95,738957.51
1000PEPEUSDT+TONUSDT+BOMEUSDT,3,1.0,132.8,32.94,14.71,2.722,1.077,38.91,460,2.95,1207550.2
1000PEPEUSDT+TONUSDT+ENSUSDT,3,0.75,97.28,29.59,11.46,2.686,1.083,39.96,478,2.95,741233.4
1000PEPEUSDT+TONUSDT+ENSUSDT,3,1.0,133.22,32.94,14.71,2.709,1.079,39.96,478,2.95,1214094.2
1000PEPEUSDT+TONUSDT+WLDUSDT,3,0.75,111.34,29.6,15.15,2.431,1.238,37.07,588,2.95,908044.92
1000PEPEUSDT+TONUSDT+WLDUSDT,3,1.0,153.02,32.95,19.73,2.436,1.248,37.07,588,2.95,1543759.58
1000PEPEUSDT+TONUSDT+XLMUSDT,3,0.75,118.58,29.97,14.98,2.428,1.146,37.42,604,2.95,1002806.27
1000PEPEUSDT+TONUSDT+XLMUSDT,3,1.0,163.35,33.35,19.5,2.422,1.141,37.42,604,2.95,1737076.85
1000PEPEUSDT+DYDXUSDT+RUNEUSDT,3,0.75,84.39,22.67,12.04,2.331,1.079,38.61,360,2.95,607387.24
1000PEPEUSDT+DYDXUSDT+RUNEUSDT,3,1.0,115.75,25.51,15.77,2.222,1.074,38.61,360,2.95,965061.34
1000PEPEUSDT+DYDXUSDT+XRPUSDT,3,0.75,109.68,23.91,12.32,2.247,1.221,38.89,504,2.98,905348.0
1000PEPEUSDT+DYDXUSDT+XRPUSDT,3,1.0,154.21,27.5,16.11,2.17,1.213,38.89,504,2.98,1605833.29
1000PEPEUSDT+DYDXUSDT+BOMEUSDT,3,0.75,79.29,22.67,8.57,2.437,1.042,40.56,360,2.95,559117.64
1000PEPEUSDT+DYDXUSDT+BOMEUSDT,3,1.0,108.17,25.51,11.28,2.361,1.038,40.56,360,2.95,868502.98
1000PEPEUSDT+DYDXUSDT+ENSUSDT,3,0.75,80.02,22.67,10.98,2.436,1.054,41.8,378,2.95,565927.0
1000PEPEUSDT+DYDXUSDT+ENSUSDT,3,1.0,109.58,25.51,14.4,2.368,1.049,41.8,378,2.95,885861.2
1000PEPEUSDT+DYDXUSDT+WLDUSDT,3,0.75,92.82,20.22,12.77,2.161,1.261,37.91,488,2.95,692943.63
1000PEPEUSDT+DYDXUSDT+WLDUSDT,3,1.0,127.28,22.49,16.67,2.093,1.283,37.91,488,2.95,1125084.95
1000PEPEUSDT+DYDXUSDT+XLMUSDT,3,0.75,100.72,22.8,13.27,2.142,1.12,38.29,504,2.95,779939.3
1000PEPEUSDT+DYDXUSDT+XLMUSDT,3,1.0,138.92,25.68,17.35,2.063,1.114,38.29,504,2.95,1303618.68
1000PEPEUSDT+RUNEUSDT+XRPUSDT,3,0.75,108.04,23.91,12.02,2.137,1.206,38.24,510,2.98,884432.59
1000PEPEUSDT+RUNEUSDT+XRPUSDT,3,1.0,151.43,27.5,15.72,2.031,1.199,38.24,510,2.98,1553996.62
1000PEPEUSDT+RUNEUSDT+BOMEUSDT,3,0.75,78.56,22.67,9.82,2.311,1.036,39.62,366,2.95,552458.44
1000PEPEUSDT+RUNEUSDT+BOMEUSDT,3,1.0,107.13,25.51,12.89,2.207,1.032,39.62,366,2.95,855695.6
1000PEPEUSDT+RUNEUSDT+ENSUSDT,3,0.75,79.04,22.67,11.96,2.297,1.041,40.89,384,2.95,556830.02
1000PEPEUSDT+RUNEUSDT+ENSUSDT,3,1.0,108.06,25.51,15.67,2.195,1.037,40.89,384,2.95,867087.42
1000PEPEUSDT+RUNEUSDT+WLDUSDT,3,0.75,90.88,20.22,13.14,2.049,1.236,37.25,494,2.95,672510.24
1000PEPEUSDT+RUNEUSDT+WLDUSDT,3,1.0,123.95,22.49,17.16,1.953,1.257,37.25,494,2.95,1077159.7
1000PEPEUSDT+RUNEUSDT+XLMUSDT,3,0.75,99.36,22.8,15.34,2.038,1.107,37.65,510,2.95,764539.91
1000PEPEUSDT+RUNEUSDT+XLMUSDT,3,1.0,136.72,25.68,19.93,1.934,1.102,37.65,510,2.95,1268580.25
1000PEPEUSDT+XRPUSDT+BOMEUSDT,3,0.75,102.77,23.91,9.76,2.217,1.177,39.61,510,2.98,819424.5
1000PEPEUSDT+XRPUSDT+BOMEUSDT,3,1.0,143.49,27.5,12.83,2.142,1.17,39.61,510,2.98,1412574.75
1000PEPEUSDT+XRPUSDT+ENSUSDT,3,0.75,103.16,23.91,12.05,2.207,1.183,40.53,528,2.98,824085.63
1000PEPEUSDT+XRPUSDT+ENSUSDT,3,1.0,144.27,27.5,15.78,2.134,1.176,40.53,528,2.98,1426032.9
1000PEPEUSDT+XRPUSDT+WLDUSDT,3,0.75,116.69,22.94,14.55,2.024,1.376,37.77,638,2.98,998350.7
1000PEPEUSDT+XRPUSDT+WLDUSDT,3,1.0,163.17,26.36,18.99,1.947,1.395,37.77,638,2.98,1780022.1
1000PEPEUSDT+XRPUSDT+XLMUSDT,3,0.75,118.79,26.26,14.14,1.986,1.204,38.07,654,2.98,1027425.05
1000PEPEUSDT+XRPUSDT+XLMUSDT,3,1.0,164.38,30.48,18.42,1.899,1.189,38.07,654,2.98,1804546.13
1000PEPEUSDT+BOMEUSDT+ENSUSDT,3,0.75,74.02,22.67,9.31,2.401,1.008,42.71,384,2.95,512041.25
1000PEPEUSDT+BOMEUSDT+ENSUSDT,3,1.0,100.62,25.51,12.26,2.335,1.003,42.71,384,2.95,778790.13
1000PEPEUSDT+BOMEUSDT+WLDUSDT,3,0.75,86.54,20.22,11.51,2.129,1.212,38.66,494,2.95,628450.02
1000PEPEUSDT+BOMEUSDT+WLDUSDT,3,1.0,117.84,22.49,15.18,2.063,1.233,38.66,494,2.95,992925.47
1000PEPEUSDT+BOMEUSDT+XLMUSDT,3,0.75,94.02,22.8,10.15,2.114,1.077,39.02,510,2.95,705692.77
1000PEPEUSDT+BOMEUSDT+XLMUSDT,3,1.0,128.74,25.68,13.34,2.038,1.072,39.02,510,2.95,1146525.26
1000PEPEUSDT+ENSUSDT+WLDUSDT,3,0.75,86.06,20.22,13.65,2.115,1.215,39.65,512,2.95,623718.33
1000PEPEUSDT+ENSUSDT+WLDUSDT,3,1.0,117.0,22.49,17.92,2.049,1.236,39.65,512,2.95,981552.12
1000PEPEUSDT+ENSUSDT+XLMUSDT,3,0.75,94.4,22.8,12.45,2.105,1.081,39.96,528,2.95,709765.5
1000PEPEUSDT+ENSUSDT+XLMUSDT,3,1.0,129.49,25.68,16.32,2.03,1.076,39.96,528,2.95,1157622.48
1000PEPEUSDT+WLDUSDT+XLMUSDT,3,0.75,107.23,20.8,16.75,1.951,1.252,37.3,638,2.95,856960.92
1000PEPEUSDT+WLDUSDT+XLMUSDT,3,1.0,146.98,24.66,21.81,1.87,1.265,37.3,638,2.95,1437618.21
MUSDT+TONUSDT+DYDXUSDT,3,0.75,56.72,29.69,12.1,2.734,1.07,36.02,322,2.71,338265.9
MUSDT+TONUSDT+DYDXUSDT,3,1.0,76.81,33.07,15.83,2.837,1.071,36.02,322,2.71,469178.98
MUSDT+TONUSDT+RUNEUSDT,3,0.75,55.16,29.69,15.24,2.537,1.047,35.06,328,2.71,329223.79
MUSDT+TONUSDT+RUNEUSDT,3,1.0,74.26,33.07,19.83,2.566,1.047,35.06,328,2.71,451056.72
MUSDT+TONUSDT+XRPUSDT,3,0.75,69.99,30.02,12.09,2.437,1.186,36.44,472,2.98,484907.42
MUSDT+TONUSDT+XRPUSDT,3,1.0,95.74,33.42,15.81,2.493,1.187,36.44,472,2.98,737751.81
MUSDT+TONUSDT+BOMEUSDT,3,0.75,51.35,29.69,11.18,2.652,1.007,37.2,328,2.71,307721.64
MUSDT+TONUSDT+BOMEUSDT,3,1.0,69.16,33.07,14.3,2.755,1.009,37.2,328,2.71,416154.28
MUSDT+TONUSDT+ENSUSDT,3,0.75,51.56,29.69,11.18,2.636,1.021,38.73,346,2.71,308928.05
MUSDT+TONUSDT+ENSUSDT,3,1.0,69.59,33.07,14.3,2.739,1.022,38.73,346,2.71,419029.08
MUSDT+TONUSDT+WLDUSDT,3,0.75,64.92,29.7,13.5,2.352,1.141,35.31,456,2.83,411180.87
MUSDT+TONUSDT+WLDUSDT,3,1.0,88.28,33.09,17.63,2.399,1.14,35.31,456,2.83,597962.92
MUSDT+TONUSDT+XLMUSDT,3,0.75,62.42,30.17,15.23,2.311,1.017,35.81,472,2.94,416264.0
MUSDT+TONUSDT+XLMUSDT,3,1.0,83.53,33.86,19.82,2.353,1.019,35.81,472,2.94,596175.9
MUSDT+DYDXUSDT+RUNEUSDT,3,0.75,104.98,14.48,12.79,2.218,1.776,35.96,228,1.25,246035.07
MUSDT+DYDXUSDT+RUNEUSDT,3,1.0,151.66,18.81,16.72,2.158,1.766,35.96,228,1.25,318238.13
MUSDT+DYDXUSDT+XRPUSDT,3,0.75,55.2,12.29,8.8,2.148,1.443,37.37,372,2.98,369836.25
MUSDT+DYDXUSDT+XRPUSDT,3,1.0,76.0,15.64,11.58,2.12,1.44,37.37,372,2.98,537724.17
MUSDT+DYDXUSDT+BOMEUSDT,3,0.75,92.83,9.79,6.51,2.338,1.584,39.04,228,1.25,227884.94
MUSDT+DYDXUSDT+BOMEUSDT,3,1.0,133.25,12.4,8.62,2.334,1.579,39.04,228,1.25,289319.32
MUSDT+DYDXUSDT+ENSUSDT,3,0.75,94.76,10.19,7.1,2.343,1.878,41.06,246,1.26,231031.99
MUSDT+DYDXUSDT+ENSUSDT,3,1.0,137.24,13.3,9.37,2.349,1.869,41.06,246,1.26,296004.82
MUSDT+DYDXUSDT+WLDUSDT,3,0.75,48.91,12.36,9.86,2.05,1.434,35.96,356,2.83,308130.72
MUSDT+DYDXUSDT+WLDUSDT,3,1.0,66.7,15.95,12.96,2.023,1.429,35.96,356,2.83,423866.79
MUSDT+DYDXUSDT+XLMUSDT,3,0.75,48.06,17.4,15.73,1.996,1.079,36.56,372,2.94,317062.05
MUSDT+DYDXUSDT+XLMUSDT,3,1.0,64.61,22.55,20.47,1.963,1.076,36.56,372,2.94,432971.34
MUSDT+RUNEUSDT+XRPUSDT,3,0.75,53.6,15.43,12.81,2.017,1.394,36.51,378,2.98,358619.73
MUSDT+RUNEUSDT+XRPUSDT,3,1.0,73.35,19.96,16.75,1.952,1.39,36.51,378,2.98,513931.93
MUSDT+RUNEUSDT+BOMEUSDT,3,0.75,90.02,12.23,10.23,2.159,1.606,37.61,234,1.25,223653.43
MUSDT+RUNEUSDT+BOMEUSDT,3,1.0,128.54,15.93,13.42,2.111,1.601,37.61,234,1.25,281899.55
MUSDT+RUNEUSDT+ENSUSDT,3,0.75,91.19,11.65,9.31,2.148,1.846,39.68,252,1.26,225724.12
MUSDT+RUNEUSDT+ENSUSDT,3,1.0,131.08,15.19,12.25,2.1,1.841,39.68,252,1.26,286376.61
MUSDT+RUNEUSDT+WLDUSDT,3,0.75,46.95,15.73,13.3,1.915,1.369,35.08,362,2.83,296788.83
MUSDT+RUNEUSDT+WLDUSDT,3,1.0,63.41,20.4,17.43,1.852,1.362,35.08,362,2.83,400659.26
MUSDT+RUNEUSDT+XLMUSDT,3,0.75,46.68,17.4,15.76,1.878,1.049,35.71,378,2.94,308461.27
MUSDT+RUNEUSDT+XLMUSDT,3,1.0,62.38,22.55,20.47,1.815,1.046,35.71,378,2.94,415986.71
MUSDT+XRPUSDT+BOMEUSDT,3,0.75,50.03,12.29,7.8,2.092,1.342,38.36,378,2.98,334401.26
MUSDT+XRPUSDT+BOMEUSDT,3,1.0,68.47,15.64,10.27,2.067,1.341,38.36,378,2.98,472135.08
MUSDT+XRPUSDT+ENSUSDT,3,0.75,50.39,14.39,10.34,2.084,1.405,39.65,396,2.98,336790.55
MUSDT+XRPUSDT+ENSUSDT,3,1.0,69.17,18.05,13.59,2.062,1.402,39.65,396,2.98,477959.11
MUSDT+XRPUSDT+WLDUSDT,3,0.75,65.14,17.92,15.37,1.929,1.467,36.36,506,2.98,444885.67
MUSDT+XRPUSDT+WLDUSDT,3,1.0,89.87,23.0,20.0,1.882,1.463,36.36,506,2.98,673845.59
MUSDT+XRPUSDT+XLMUSDT,3,0.75,61.66,21.32,16.09,1.86,1.215,36.78,522,2.98,417525.54
MUSDT+XRPUSDT+XLMUSDT,3,1.0,82.55,27.2,21.01,1.809,1.205,36.78,522,2.98,599419.29
MUSDT+BOMEUSDT+ENSUSDT,3,0.75,79.7,9.38,6.31,2.259,1.664,42.46,252,1.26,208818.42
MUSDT+BOMEUSDT+ENSUSDT,3,1.0,113.79,12.37,8.33,2.272,1.659,42.46,252,1.26,259732.72
MUSDT+BOMEUSDT+WLDUSDT,3,0.75,43.82,14.14,12.26,1.991,1.326,37.02,362,2.83,279256.79
MUSDT+BOMEUSDT+WLDUSDT,3,1.0,59.42,18.47,16.09,1.969,1.323,37.02,362,2.83,373616.74
MUSDT+BOMEUSDT+XLMUSDT,3,0.75,43.02,17.4,15.73,1.938,1.0,37.57,378,2.94,286369.41
MUSDT+BOMEUSDT+XLMUSDT,3,1.0,57.39,22.55,20.47,1.909,0.999,37.57,378,2.94,379455.59
MUSDT+ENSUSDT+WLDUSDT,3,0.75,43.45,16.12,14.92,1.976,1.399,38.42,380,2.83,277265.04
MUSDT+ENSUSDT+WLDUSDT,3,1.0,58.8,20.91,19.48,1.953,1.395,38.42,380,2.83,369558.58
MUSDT+ENSUSDT+XLMUSDT,3,0.75,43.38,17.4,15.73,1.933,1.02,38.89,396,2.94,288491.04
MUSDT+ENSUSDT+XLMUSDT,3,1.0,58.07,22.55,20.47,1.906,1.018,38.89,396,2.94,384352.99
MUSDT+WLDUSDT+XLMUSDT,3,0.75,57.45,19.49,18.03,1.83,1.162,35.77,506,2.94,379888.76
MUSDT+WLDUSDT+XLMUSDT,3,1.0,77.38,25.15,23.35,1.779,1.159,35.77,506,2.94,539376.83
TONUSDT+DYDXUSDT+RUNEUSDT,3,0.75,51.7,29.69,14.37,2.344,1.012,34.69,343,2.71,309669.09
TONUSDT+DYDXUSDT+RUNEUSDT,3,1.0,68.91,33.07,18.73,2.376,1.009,34.69,343,2.71,414490.83
TONUSDT+DYDXUSDT+XRPUSDT,3,0.75,66.72,30.02,11.54,2.278,1.161,36.14,487,2.98,457621.31
TONUSDT+DYDXUSDT+XRPUSDT,3,1.0,90.59,33.42,15.14,2.324,1.159,36.14,487,2.98,681473.74
TONUSDT+DYDXUSDT+BOMEUSDT,3,0.75,47.68,29.69,11.18,2.415,0.961,36.73,343,2.71,287933.75
TONUSDT+DYDXUSDT+BOMEUSDT,3,1.0,63.43,33.07,14.38,2.497,0.961,36.73,343,2.71,379022.39
TONUSDT+DYDXUSDT+ENSUSDT,3,0.75,48.29,29.69,11.18,2.419,0.989,38.23,361,2.71,291175.34
TONUSDT+DYDXUSDT+ENSUSDT,3,1.0,64.58,33.07,14.3,2.51,0.987,38.23,361,2.71,386264.14
TONUSDT+DYDXUSDT+WLDUSDT,3,0.75,62.58,29.7,11.96,2.229,1.125,35.03,471,2.83,394916.16
TONUSDT+DYDXUSDT+WLDUSDT,3,1.0,84.96,33.09,15.65,2.281,1.124,35.03,471,2.83,568655.98
TONUSDT+DYDXUSDT+XLMUSDT,3,0.75,58.92,30.17,15.07,2.168,0.988,35.52,487,2.94,390430.24
TONUSDT+DYDXUSDT+XLMUSDT,3,1.0,78.0,33.86,19.66,2.202,0.986,35.52,487,2.94,544905.42
TONUSDT+RUNEUSDT+XRPUSDT,3,0.75,64.72,30.02,14.37,2.152,1.13,35.5,493,2.98,441502.92
TONUSDT+RUNEUSDT+XRPUSDT,3,1.0,87.2,33.42,18.71,2.151,1.126,35.5,493,2.98,646056.5
TONUSDT+RUNEUSDT+BOMEUSDT,3,0.75,46.43,29.69,12.21,2.27,0.946,35.82,349,2.71,281378.0
TONUSDT+RUNEUSDT+BOMEUSDT,3,1.0,61.49,33.07,15.95,2.302,0.945,35.82,349,2.71,366908.1
TONUSDT+RUNEUSDT+ENSUSDT,3,0.75,46.75,29.69,11.18,2.258,0.957,37.33,367,2.71,283008.71
TONUSDT+RUNEUSDT+ENSUSDT,3,1.0,62.08,33.07,14.3,2.289,0.955,37.33,367,2.71,370566.84
TONUSDT+RUNEUSDT+WLDUSDT,3,0.75,60.11,29.7,15.12,2.091,1.086,34.38,477,2.83,378218.65
TONUSDT+RUNEUSDT+WLDUSDT,3,1.0,80.71,33.09,19.67,2.092,1.083,34.38,477,2.83,532454.57
TONUSDT+RUNEUSDT+XLMUSDT,3,0.75,57.17,30.17,17.59,2.048,0.964,34.89,493,2.94,377947.48
TONUSDT+RUNEUSDT+XLMUSDT,3,1.0,75.12,33.86,22.75,2.039,0.961,34.89,493,2.94,519382.72
TONUSDT+XRPUSDT+BOMEUSDT,3,0.75,61.15,30.02,10.52,2.207,1.095,36.92,493,2.98,413663.37
TONUSDT+XRPUSDT+BOMEUSDT,3,1.0,82.42,33.42,13.8,2.246,1.095,36.92,493,2.98,598145.54
TONUSDT+XRPUSDT+ENSUSDT,3,0.75,61.36,30.02,13.26,2.197,1.109,37.96,511,2.98,415225.54
TONUSDT+XRPUSDT+ENSUSDT,3,1.0,82.82,33.42,17.35,2.236,1.107,37.96,511,2.98,602100.67
TONUSDT+XRPUSDT+WLDUSDT,3,0.75,78.2,30.03,16.61,2.091,1.235,35.59,621,2.98,557944.11
TONUSDT+XRPUSDT+WLDUSDT,3,1.0,107.15,33.43,21.56,2.107,1.234,35.59,621,2.98,873254.91
TONUSDT+XRPUSDT+XLMUSDT,3,0.75,72.77,30.4,16.08,2.012,1.101,35.95,637,2.98,508884.92
TONUSDT+XRPUSDT+XLMUSDT,3,1.0,96.32,33.84,21.01,2.009,1.093,35.95,637,2.98,744250.59
TONUSDT+BOMEUSDT+ENSUSDT,3,0.75,42.85,29.69,11.18,2.321,0.918,39.24,367,2.71,263101.19
TONUSDT+BOMEUSDT+ENSUSDT,3,1.0,56.81,33.07,14.3,2.403,0.917,39.24,367,2.71,338795.02
TONUSDT+BOMEUSDT+WLDUSDT,3,0.75,57.0,29.7,13.57,2.159,1.06,35.85,477,2.83,357787.64
TONUSDT+BOMEUSDT+WLDUSDT,3,1.0,76.86,33.09,17.78,2.207,1.061,35.85,477,2.83,500996.3
TONUSDT+BOMEUSDT+XLMUSDT,3,0.75,53.52,30.17,15.07,2.099,0.93,36.31,493,2.94,352720.59
TONUSDT+BOMEUSDT+XLMUSDT,3,1.0,70.23,33.86,19.66,2.129,0.929,36.31,493,2.94,477929.13
TONUSDT+ENSUSDT+WLDUSDT,3,0.75,56.4,29.7,15.66,2.138,1.063,36.97,495,2.83,353990.26
TONUSDT+ENSUSDT+WLDUSDT,3,1.0,75.8,33.09,20.44,2.18,1.061,36.97,495,2.83,492604.0
TONUSDT+ENSUSDT+XLMUSDT,3,0.75,53.73,30.17,15.07,2.09,0.935,37.38,511,2.94,354099.2
TONUSDT+ENSUSDT+XLMUSDT,3,1.0,70.63,33.86,19.66,2.12,0.934,37.38,511,2.94,481229.65
TONUSDT+WLDUSDT+XLMUSDT,3,0.75,69.78,30.09,19.61,2.013,1.073,35.1,621,2.94,474203.52
TONUSDT+WLDUSDT+XLMUSDT,3,1.0,93.29,33.51,25.31,2.019,1.072,35.1,621,2.94,694302.89
DYDXUSDT+RUNEUSDT+XRPUSDT,3,0.75,50.86,14.65,11.52,1.902,1.374,36.13,393,2.98,339911.48
DYDXUSDT+RUNEUSDT+XRPUSDT,3,1.0,69.23,18.91,15.08,1.853,1.368,36.13,393,2.98,478439.18
DYDXUSDT+RUNEUSDT+BOMEUSDT,3,0.75,80.78,13.77,11.16,1.97,1.428,36.95,249,1.25,210157.43
DYDXUSDT+RUNEUSDT+BOMEUSDT,3,1.0,113.35,17.81,14.65,1.941,1.419,36.95,249,1.25,258697.78
DYDXUSDT+RUNEUSDT+ENSUSDT,3,0.75,82.94,12.78,8.77,1.976,1.734,38.95,267,1.26,213548.38
DYDXUSDT+RUNEUSDT+ENSUSDT,3,1.0,117.7,16.64,11.54,1.953,1.722,38.95,267,1.26,265711.36
DYDXUSDT+RUNEUSDT+WLDUSDT,3,0.75,45.06,16.61,12.91,1.83,1.366,34.75,377,2.83,286135.58
DYDXUSDT+RUNEUSDT+WLDUSDT,3,1.0,60.91,21.28,16.88,1.788,1.359,34.75,377,2.83,383567.98
DYDXUSDT+RUNEUSDT+XLMUSDT,3,0.75,43.74,17.4,15.73,1.781,1.018,35.37,393,2.94,290607.91
DYDXUSDT+RUNEUSDT+XLMUSDT,3,1.0,57.93,22.55,20.47,1.732,1.012,35.37,393,2.94,383297.19
DYDXUSDT+XRPUSDT+BOMEUSDT,3,0.75,47.12,13.28,8.97,1.949,1.3,37.91,393,2.98,315415.13
DYDXUSDT+XRPUSDT+BOMEUSDT,3,1.0,64.02,17.09,11.83,1.928,1.298,37.91,393,2.98,435968.08
DYDXUSDT+XRPUSDT+ENSUSDT,3,0.75,47.8,14.27,9.94,1.953,1.399,39.17,411,2.98,319814.74
DYDXUSDT+XRPUSDT+ENSUSDT,3,1.0,65.3,18.5,13.07,1.938,1.395,39.17,411,2.98,446161.5
DYDXUSDT+XRPUSDT+WLDUSDT,3,0.75,63.3,16.88,11.97,1.851,1.466,36.08,521,2.98,430264.88
DYDXUSDT+XRPUSDT+WLDUSDT,3,1.0,87.41,21.62,15.67,1.818,1.464,36.08,521,2.98,648250.69
DYDXUSDT+XRPUSDT+XLMUSDT,3,0.75,58.64,21.32,16.09,1.773,1.197,36.5,537,2.98,394788.16
DYDXUSDT+XRPUSDT+XLMUSDT,3,1.0,77.94,27.2,21.01,1.729,1.184,36.5,537,2.98,555558.04
DYDXUSDT+BOMEUSDT+ENSUSDT,3,0.75,71.3,13.23,8.94,2.033,1.629,41.57,267,1.26,196622.29
DYDXUSDT+BOMEUSDT+ENSUSDT,3,1.0,100.16,17.22,11.77,2.053,1.62,41.57,267,1.26,239098.24
DYDXUSDT+BOMEUSDT+WLDUSDT,3,0.75,41.72,14.66,11.99,1.881,1.285,36.6,377,2.83,267897.31
DYDXUSDT+BOMEUSDT+WLDUSDT,3,1.0,56.52,18.99,15.72,1.871,1.283,36.6,377,2.83,354707.06
DYDXUSDT+BOMEUSDT+XLMUSDT,3,0.75,39.94,17.4,15.73,1.817,0.957,37.15,393,2.94,268601.59
DYDXUSDT+BOMEUSDT+XLMUSDT,3,1.0,52.69,22.55,20.47,1.793,0.953,37.15,393,2.94,347126.52
DYDXUSDT+ENSUSDT+WLDUSDT,3,0.75,41.72,15.58,11.39,1.878,1.418,37.97,395,2.83,267915.93
DYDXUSDT+ENSUSDT+WLDUSDT,3,1.0,56.57,20.12,14.92,1.871,1.415,37.97,395,2.83,355060.97
DYDXUSDT+ENSUSDT+XLMUSDT,3,0.75,40.61,17.4,15.73,1.822,0.997,38.44,411,2.94,272423.36
DYDXUSDT+ENSUSDT+XLMUSDT,3,1.0,53.93,22.55,20.47,1.804,0.992,38.44,411,2.94,355455.32
DYDXUSDT+WLDUSDT+XLMUSDT,3,0.75,55.37,19.49,18.03,1.763,1.152,35.51,521,2.94,365320.91
DYDXUSDT+WLDUSDT+XLMUSDT,3,1.0,74.49,25.15,23.35,1.726,1.148,35.51,521,2.94,513954.08
RUNEUSDT+XRPUSDT+BOMEUSDT,3,0.75,45.76,13.71,10.19,1.851,1.271,37.09,399,2.98,306825.49
RUNEUSDT+XRPUSDT+BOMEUSDT,3,1.0,61.82,17.66,13.41,1.805,1.266,37.09,399,2.98,418779.43
RUNEUSDT+XRPUSDT+ENSUSDT,3,0.75,46.2,15.81,11.41,1.846,1.314,38.37,417,2.98,309581.61
RUNEUSDT+XRPUSDT+ENSUSDT,3,1.0,62.65,20.21,15.0,1.8,1.308,38.37,417,2.98,425207.14
RUNEUSDT+XRPUSDT+WLDUSDT,3,0.75,60.76,20.83,17.23,1.755,1.397,35.48,527,2.98,410708.37
RUNEUSDT+XRPUSDT+WLDUSDT,3,1.0,83.0,26.46,22.38,1.695,1.392,35.48,527,2.98,603901.27
RUNEUSDT+XRPUSDT+XLMUSDT,3,0.75,56.69,21.32,16.09,1.691,1.15,35.91,543,2.98,380519.49
RUNEUSDT+XRPUSDT+XLMUSDT,3,1.0,74.67,27.2,21.01,1.627,1.136,35.91,543,2.98,525738.81
RUNEUSDT+BOMEUSDT+ENSUSDT,3,0.75,68.63,13.27,10.24,1.896,1.523,40.29,273,1.26,192781.34
RUNEUSDT+BOMEUSDT+ENSUSDT,3,1.0,95.86,17.23,13.52,1.879,1.514,40.29,273,1.26,232659.92
RUNEUSDT+BOMEUSDT+WLDUSDT,3,0.75,40.01,17.13,14.93,1.777,1.252,35.77,383,2.83,258886.66
RUNEUSDT+BOMEUSDT+WLDUSDT,3,1.0,53.72,22.15,19.45,1.74,1.247,35.77,383,2.83,337063.38
RUNEUSDT+BOMEUSDT+XLMUSDT,3,0.75,38.79,17.4,15.73,1.729,0.938,36.34,399,2.94,262165.5
RUNEUSDT+BOMEUSDT+XLMUSDT,3,1.0,50.89,22.55,20.47,1.684,0.933,36.34,399,2.94,335241.36
RUNEUSDT+ENSUSDT+WLDUSDT,3,0.75,39.73,19.41,15.64,1.763,1.303,37.16,401,2.83,257434.59
RUNEUSDT+ENSUSDT+WLDUSDT,3,1.0,53.25,24.9,20.49,1.724,1.297,37.16,401,2.83,334188.99
RUNEUSDT+ENSUSDT+XLMUSDT,3,0.75,39.22,17.4,15.73,1.725,0.95,37.65,417,2.94,264576.59
RUNEUSDT+ENSUSDT+XLMUSDT,3,1.0,51.7,22.55,20.47,1.681,0.946,37.65,417,2.94,340534.04
RUNEUSDT+WLDUSDT+XLMUSDT,3,0.75,53.07,22.02,18.45,1.672,1.102,34.91,527,2.94,349670.93
RUNEUSDT+WLDUSDT+XLMUSDT,3,1.0,70.57,28.16,23.99,1.612,1.095,34.91,527,2.94,480755.8
XRPUSDT+BOMEUSDT+ENSUSDT,3,0.75,42.55,15.31,10.18,1.887,1.284,40.05,417,2.98,287182.61
XRPUSDT+BOMEUSDT+ENSUSDT,3,1.0,57.62,19.31,13.43,1.871,1.28,40.05,417,2.98,387250.65
XRPUSDT+BOMEUSDT+WLDUSDT,3,0.75,57.61,19.8,16.2,1.803,1.368,36.81,527,2.98,387219.13
XRPUSDT+BOMEUSDT+WLDUSDT,3,1.0,78.91,25.36,21.07,1.77,1.366,36.81,527,2.98,564627.93
XRPUSDT+BOMEUSDT+XLMUSDT,3,0.75,52.98,21.32,16.09,1.724,1.112,37.2,543,2.98,354326.93
XRPUSDT+BOMEUSDT+XLMUSDT,3,1.0,69.63,27.2,21.01,1.679,1.1,37.2,543,2.98,481839.14
XRPUSDT+ENSUSDT+WLDUSDT,3,0.75,57.25,21.98,18.07,1.792,1.41,37.8,545,2.98,384591.78
XRPUSDT+ENSUSDT+WLDUSDT,3,1.0,78.31,28.02,23.42,1.758,1.406,37.8,545,2.98,558935.95
XRPUSDT+ENSUSDT+XLMUSDT,3,0.75,53.35,21.32,16.09,1.72,1.13,38.15,561,2.98,356868.76
XRPUSDT+ENSUSDT+XLMUSDT,3,1.0,70.34,27.2,21.01,1.677,1.117,38.15,561,2.98,487823.71
XRPUSDT+WLDUSDT+XLMUSDT,3,0.75,68.91,24.98,21.02,1.678,1.259,35.92,671,2.98,475755.88
XRPUSDT+WLDUSDT+XLMUSDT,3,1.0,92.24,31.69,27.07,1.622,1.249,35.92,671,2.98,699191.61
BOMEUSDT+ENSUSDT+WLDUSDT,3,0.75,36.54,18.25,14.55,1.808,1.299,38.9,401,2.83,241159.4
BOMEUSDT+ENSUSDT+WLDUSDT,3,1.0,49.13,23.67,19.1,1.802,1.296,38.9,401,2.83,309429.49
BOMEUSDT+ENSUSDT+XLMUSDT,3,0.75,35.52,17.4,15.73,1.754,0.906,39.33,417,2.94,244439.34
BOMEUSDT+ENSUSDT+XLMUSDT,3,1.0,46.63,22.55,20.47,1.736,0.901,39.33,417,2.94,308161.94
BOMEUSDT+WLDUSDT+XLMUSDT,3,0.75,49.86,21.24,18.03,1.715,1.073,36.24,527,2.94,328534.38
BOMEUSDT+WLDUSDT+XLMUSDT,3,1.0,66.43,27.37,23.35,1.679,1.069,36.24,527,2.94,447185.83
ENSUSDT+WLDUSDT+XLMUSDT,3,0.75,49.55,22.96,20.15,1.705,1.081,37.25,545,2.94,326557.89
ENSUSDT+WLDUSDT+XLMUSDT,3,1.0,65.94,29.39,26.06,1.669,1.076,37.25,545,2.94,443372.76
1000PEPEUSDT+MUSDT+TONUSDT+DYDXUSDT,4,0.75,121.42,29.59,14.07,3.051,1.212,38.82,474,2.95,1041764.83
1000PEPEUSDT+MUSDT+TONUSDT+DYDXUSDT,4,1.0,170.55,32.94,18.41,3.12,1.208,38.82,474,2.95,1880714.33
1000PEPEUSDT+MUSDT+TONUSDT+RUNEUSDT,4,0.75,121.36,29.59,15.98,2.928,1.209,37.31,469,2.95,1040888.97
1000PEPEUSDT+MUSDT+TONUSDT+RUNEUSDT,4,1.0,170.35,32.94,20.77,2.946,1.206,37.31,469,2.95,1876621.24
1000PEPEUSDT+MUSDT+TONUSDT+XRPUSDT,4,0.75,145.03,29.91,13.9,2.75,1.306,38.63,611,2.98,1439307.16
1000PEPEUSDT+MUSDT+TONUSDT+XRPUSDT,4,1.0,206.73,33.28,18.14,2.778,1.298,38.63,611,2.98,2807996.76
1000PEPEUSDT+MUSDT+TONUSDT+BOMEUSDT,4,0.75,117.97,29.59,11.46,3.168,1.195,39.87,469,2.95,994574.2
1000PEPEUSDT+MUSDT+TONUSDT+BOMEUSDT,4,1.0,165.49,32.94,14.71,3.262,1.192,39.87,469,2.95,1779006.22
1000PEPEUSDT+MUSDT+TONUSDT+ENSUSDT,4,0.75,114.27,29.59,11.46,3.009,1.177,40.66,487,2.95,945635.7
1000PEPEUSDT+MUSDT+TONUSDT+ENSUSDT,4,1.0,159.75,32.94,14.71,3.074,1.174,40.66,487,2.95,1667934.87
1000PEPEUSDT+MUSDT+TONUSDT+WLDUSDT,4,0.75,134.49,29.6,15.15,2.856,1.365,38.01,584,2.95,1233619.61
1000PEPEUSDT+MUSDT+TONUSDT+WLDUSDT,4,1.0,189.08,32.95,19.73,2.91,1.376,38.01,584,2.95,2286362.82
1000PEPEUSDT+MUSDT+TONUSDT+XLMUSDT,4,0.75,142.03,29.97,17.35,2.738,1.254,38.27,614,2.95,1354260.45
1000PEPEUSDT+MUSDT+TONUSDT+XLMUSDT,4,1.0,200.57,33.35,22.48,2.771,1.249,38.27,614,2.95,2564895.63
1000PEPEUSDT+MUSDT+DYDXUSDT+RUNEUSDT,4,0.75,85.56,22.67,14.06,2.328,1.085,39.47,380,2.95,618796.2
1000PEPEUSDT+MUSDT+DYDXUSDT+RUNEUSDT,4,1.0,117.5,25.51,18.33,2.222,1.081,39.47,380,2.95,988334.9
1000PEPEUSDT+MUSDT+DYDXUSDT+XRPUSDT,4,0.75,117.15,23.91,12.32,2.304,1.262,39.2,523,2.98,1004704.9
1000PEPEUSDT+MUSDT+DYDXUSDT+XRPUSDT,4,1.0,165.85,27.5,16.11,2.229,1.254,39.2,523,2.98,1834486.4
1000PEPEUSDT+MUSDT+DYDXUSDT+BOMEUSDT,4,0.75,85.13,22.67,8.7,2.531,1.088,40.6,367,2.95,614587.59
1000PEPEUSDT+MUSDT+DYDXUSDT+BOMEUSDT,4,1.0,117.2,25.51,11.45,2.455,1.083,40.6,367,2.95,984234.39
1000PEPEUSDT+MUSDT+DYDXUSDT+ENSUSDT,4,0.75,80.13,22.67,10.98,2.353,1.052,41.73,393,2.95,566896.62
1000PEPEUSDT+MUSDT+DYDXUSDT+ENSUSDT,4,1.0,110.0,25.51,14.4,2.273,1.049,41.73,393,2.95,891114.07
1000PEPEUSDT+MUSDT+DYDXUSDT+WLDUSDT,4,0.75,94.25,20.22,12.77,2.121,1.267,38.29,504,2.95,708221.18
1000PEPEUSDT+MUSDT+DYDXUSDT+WLDUSDT,4,1.0,129.73,22.49,16.67,2.043,1.29,38.29,504,2.95,1161326.03
1000PEPEUSDT+MUSDT+DYDXUSDT+XLMUSDT,4,0.75,101.9,22.8,15.12,2.132,1.125,38.58,508,2.95,793592.41
1000PEPEUSDT+MUSDT+DYDXUSDT+XLMUSDT,4,1.0,140.8,25.68,19.69,2.043,1.12,38.58,508,2.95,1334076.35
1000PEPEUSDT+MUSDT+RUNEUSDT+XRPUSDT,4,0.75,117.16,23.91,13.35,2.248,1.26,38.52,527,2.98,1004881.6
1000PEPEUSDT+MUSDT+RUNEUSDT+XRPUSDT,4,1.0,165.86,27.5,17.42,2.15,1.252,38.52,527,2.98,1834683.53
1000PEPEUSDT+MUSDT+RUNEUSDT+BOMEUSDT,4,0.75,86.91,22.67,10.22,2.525,1.097,40.05,377,2.95,632160.9
1000PEPEUSDT+MUSDT+RUNEUSDT+BOMEUSDT,4,1.0,119.79,25.51,13.4,2.435,1.093,40.05,377,2.95,1019272.19
1000PEPEUSDT+MUSDT+RUNEUSDT+ENSUSDT,4,0.75,81.65,22.67,11.96,2.365,1.061,41.31,397,2.95,581103.31
1000PEPEUSDT+MUSDT+RUNEUSDT+ENSUSDT,4,1.0,112.12,25.51,15.67,2.27,1.058,41.31,397,2.95,917909.2
1000PEPEUSDT+MUSDT+RUNEUSDT+WLDUSDT,4,0.75,105.77,20.22,13.14,2.3,1.347,37.92,501,2.95,839220.57
1000PEPEUSDT+MUSDT+RUNEUSDT+WLDUSDT,4,1.0,146.99,22.49,17.16,2.218,1.37,37.92,501,2.95,1437679.43
1000PEPEUSDT+MUSDT+RUNEUSDT+XLMUSDT,4,0.75,108.81,22.8,17.61,2.168,1.163,38.25,515,2.95,876386.05
1000PEPEUSDT+MUSDT+RUNEUSDT+XLMUSDT,4,1.0,151.42,25.68,22.8,2.068,1.158,38.25,515,2.95,1515120.68
1000PEPEUSDT+MUSDT+XRPUSDT+BOMEUSDT,4,0.75,107.43,23.91,9.76,2.256,1.203,40.0,525,2.98,876704.76
1000PEPEUSDT+MUSDT+XRPUSDT+BOMEUSDT,4,1.0,151.04,27.5,12.83,2.183,1.198,40.0,525,2.98,1546943.1
1000PEPEUSDT+MUSDT+XRPUSDT+ENSUSDT,4,0.75,107.82,23.91,12.05,2.255,1.211,41.0,539,2.98,881687.7
1000PEPEUSDT+MUSDT+XRPUSDT+ENSUSDT,4,1.0,151.93,27.5,15.78,2.184,1.205,41.0,539,2.98,1563313.67
1000PEPEUSDT+MUSDT+XRPUSDT+WLDUSDT,4,0.75,126.9,22.94,14.55,2.122,1.439,38.64,647,2.98,1145072.83
1000PEPEUSDT+MUSDT+XRPUSDT+WLDUSDT,4,1.0,179.68,26.36,18.99,2.048,1.46,38.64,647,2.98,2133296.15
1000PEPEUSDT+MUSDT+XRPUSDT+XLMUSDT,4,0.75,126.24,26.26,14.14,2.06,1.242,38.22,662,2.98,1135095.65
1000PEPEUSDT+MUSDT+XRPUSDT+XLMUSDT,4,1.0,176.16,30.48,18.42,1.977,1.228,38.22,662,2.98,2054493.89
1000PEPEUSDT+MUSDT+BOMEUSDT+ENSUSDT,4,0.75,81.99,22.67,9.31,2.609,1.067,42.78,388,2.95,584297.08
1000PEPEUSDT+MUSDT+BOMEUSDT+ENSUSDT,4,1.0,112.99,25.51,12.26,2.56,1.064,42.78,388,2.95,929100.73
1000PEPEUSDT+MUSDT+BOMEUSDT+WLDUSDT,4,0.75,96.06,20.22,11.51,2.294,1.281,39.48,499,2.95,727767.01
1000PEPEUSDT+MUSDT+BOMEUSDT+WLDUSDT,4,1.0,132.66,22.49,15.18,2.241,1.306,39.48,499,2.95,1205437.88
1000PEPEUSDT+MUSDT+BOMEUSDT+XLMUSDT,4,0.75,104.7,22.8,12.03,2.266,1.141,39.42,520,2.95,826532.67
1000PEPEUSDT+MUSDT+BOMEUSDT+XLMUSDT,4,1.0,145.34,25.68,15.73,2.202,1.137,39.42,520,2.95,1409555.68
1000PEPEUSDT+MUSDT+ENSUSDT+WLDUSDT,4,0.75,93.06,20.22,13.65,2.215,1.269,40.15,518,2.95,695482.93
1000PEPEUSDT+MUSDT+ENSUSDT+WLDUSDT,4,1.0,127.88,22.49,17.92,2.152,1.292,40.15,518,2.95,1133968.92
1000PEPEUSDT+MUSDT+ENSUSDT+XLMUSDT,4,0.75,103.26,22.8,12.45,2.253,1.136,40.45,534,2.95,809418.59
1000PEPEUSDT+MUSDT+ENSUSDT+XLMUSDT,4,1.0,143.24,25.68,16.32,2.189,1.13,40.45,534,2.95,1374301.52
1000PEPEUSDT+MUSDT+WLDUSDT+XLMUSDT,4,0.75,120.01,20.8,16.75,2.111,1.33,37.81,640,2.95,1022263.32
1000PEPEUSDT+MUSDT+WLDUSDT+XLMUSDT,4,1.0,166.96,24.66,21.81,2.037,1.345,37.81,640,2.95,1808103.09
1000PEPEUSDT+TONUSDT+DYDXUSDT+RUNEUSDT,4,0.75,93.46,29.59,17.38,2.509,1.056,37.66,470,2.95,699662.26
1000PEPEUSDT+TONUSDT+DYDXUSDT+RUNEUSDT,4,1.0,126.96,32.94,22.54,2.505,1.053,37.66,470,2.95,1120523.84
1000PEPEUSDT+TONUSDT+DYDXUSDT+XRPUSDT,4,0.75,132.93,29.91,13.9,2.568,1.25,37.93,617,2.98,1237912.4
1000PEPEUSDT+TONUSDT+DYDXUSDT+XRPUSDT,4,1.0,186.97,33.28,18.14,2.592,1.242,37.93,617,2.98,2303259.15
1000PEPEUSDT+TONUSDT+DYDXUSDT+BOMEUSDT,4,0.75,106.91,29.59,12.53,2.855,1.134,38.77,472,2.95,853014.39
1000PEPEUSDT+TONUSDT+DYDXUSDT+BOMEUSDT,4,1.0,147.16,32.94,16.39,2.901,1.129,38.77,472,2.95,1440644.34
1000PEPEUSDT+TONUSDT+DYDXUSDT+ENSUSDT,4,0.75,106.84,29.59,11.46,2.829,1.138,40.85,492,2.95,852153.73
1000PEPEUSDT+TONUSDT+DYDXUSDT+ENSUSDT,4,1.0,147.72,32.94,14.71,2.882,1.133,40.85,492,2.95,1450332.8
1000PEPEUSDT+TONUSDT+DYDXUSDT+WLDUSDT,4,0.75,120.19,29.61,15.15,2.555,1.288,37.71,602,2.95,1024766.46
1000PEPEUSDT+TONUSDT+DYDXUSDT+WLDUSDT,4,1.0,166.41,32.96,19.73,2.59,1.297,37.71,602,2.95,1797276.9
1000PEPEUSDT+TONUSDT+DYDXUSDT+XLMUSDT,4,0.75,129.21,29.97,16.54,2.553,1.197,38.03,618,2.95,1153557.35
1000PEPEUSDT+TONUSDT+DYDXUSDT+XLMUSDT,4,1.0,179.71,33.35,21.48,2.571,1.191,38.03,618,2.95,2074859.62
1000PEPEUSDT+TONUSDT+RUNEUSDT+XRPUSDT,4,0.75,128.72,29.91,13.9,2.538,1.231,37.73,599,2.98,1172624.5
1000PEPEUSDT+TONUSDT+RUNEUSDT+XRPUSDT,4,1.0,180.65,33.28,18.14,2.537,1.224,37.73,599,2.98,2155490.3
1000PEPEUSDT+TONUSDT+RUNEUSDT+BOMEUSDT,4,0.75,98.66,29.59,14.48,2.722,1.089,38.01,463,2.95,756632.02
1000PEPEUSDT+TONUSDT+RUNEUSDT+BOMEUSDT,4,1.0,135.0,32.94,18.84,2.737,1.085,38.01,463,2.95,1241526.11
1000PEPEUSDT+TONUSDT+RUNEUSDT+ENSUSDT,4,0.75,99.95,29.59,11.46,2.675,1.097,39.79,480,2.95,771236.01
1000PEPEUSDT+TONUSDT+RUNEUSDT+ENSUSDT,4,1.0,137.37,32.94,14.71,2.688,1.094,39.79,480,2.95,1278875.21
1000PEPEUSDT+TONUSDT+RUNEUSDT+WLDUSDT,4,0.75,130.89,29.6,15.15,2.755,1.344,37.2,578,2.95,1178638.88
1000PEPEUSDT+TONUSDT+RUNEUSDT+WLDUSDT,4,1.0,183.37,32.95,19.73,2.79,1.354,37.2,578,2.95,2155752.18
1000PEPEUSDT+TONUSDT+RUNEUSDT+XLMUSDT,4,0.75,136.49,29.97,19.01,2.572,1.228,36.98,603,2.95,1264967.21
1000PEPEUSDT+TONUSDT+RUNEUSDT+XLMUSDT,4,1.0,191.34,33.35,24.53,2.556,1.223,36.98,603,2.95,2339592.92
1000PEPEUSDT+TONUSDT+XRPUSDT+BOMEUSDT,4,0.75,128.49,29.91,13.9,2.6,1.23,39.15,613,2.98,1169115.54
1000PEPEUSDT+TONUSDT+XRPUSDT+BOMEUSDT,4,1.0,180.35,33.28,18.14,2.623,1.223,39.15,613,2.98,2148700.25
1000PEPEUSDT+TONUSDT+XRPUSDT+ENSUSDT,4,0.75,137.77,29.91,13.9,2.722,1.277,39.7,607,2.98,1316104.57
1000PEPEUSDT+TONUSDT+XRPUSDT+ENSUSDT,4,1.0,195.41,33.28,18.14,2.75,1.269,39.7,607,2.98,2510730.2
1000PEPEUSDT+TONUSDT+XRPUSDT+WLDUSDT,4,0.75,121.32,29.6,17.67,2.351,1.274,36.73,637,2.98,1063224.91
1000PEPEUSDT+TONUSDT+XRPUSDT+WLDUSDT,4,1.0,166.87,32.95,22.89,2.34,1.282,36.73,637,2.98,1855648.92
1000PEPEUSDT+TONUSDT+XRPUSDT+XLMUSDT,4,0.75,57.77,21.03,16.37,1.629,1.211,37.35,664,2.98,388362.0
1000PEPEUSDT+TONUSDT+XRPUSDT+XLMUSDT,4,1.0,76.52,26.77,21.37,1.584,1.199,37.35,664,2.98,542458.68
1000PEPEUSDT+TONUSDT+BOMEUSDT+ENSUSDT,4,0.75,104.73,29.59,11.46,2.934,1.127,40.88,477,2.95,826775.31
1000PEPEUSDT+TONUSDT+BOMEUSDT+ENSUSDT,4,1.0,144.82,32.94,14.71,2.996,1.123,40.88,477,2.95,1400883.08
1000PEPEUSDT+TONUSDT+BOMEUSDT+WLDUSDT,4,0.75,97.53,29.6,15.15,2.317,1.157,38.12,585,2.95,743980.1
1000PEPEUSDT+TONUSDT+BOMEUSDT+WLDUSDT,4,1.0,131.87,32.95,19.73,2.315,1.165,38.12,585,2.95,1193514.16
1000PEPEUSDT+TONUSDT+BOMEUSDT+XLMUSDT,4,0.75,130.52,29.97,14.56,2.711,1.204,38.66,613,2.95,1173059.12
1000PEPEUSDT+TONUSDT+BOMEUSDT+XLMUSDT,4,1.0,181.93,33.35,18.94,2.758,1.198,38.66,613,2.95,2123776.59
1000PEPEUSDT+TONUSDT+ENSUSDT+WLDUSDT,4,0.75,94.59,29.6,17.56,2.26,1.14,38.83,613,2.95,711786.45
1000PEPEUSDT+TONUSDT+ENSUSDT+WLDUSDT,4,1.0,127.37,32.95,22.85,2.254,1.147,38.83,613,2.95,1126460.71
1000PEPEUSDT+TONUSDT+ENSUSDT+XLMUSDT,4,0.75,132.47,29.97,12.08,2.699,1.214,39.97,623,2.95,1202576.19
1000PEPEUSDT+TONUSDT+ENSUSDT+XLMUSDT,4,1.0,185.42,33.35,15.82,2.741,1.208,39.97,623,2.95,2202238.54
1000PEPEUSDT+TONUSDT+WLDUSDT+XLMUSDT,4,0.75,74.23,22.74,17.22,1.646,0.948,35.9,649,2.95,513913.35
1000PEPEUSDT+TONUSDT+WLDUSDT+XLMUSDT,4,1.0,98.48,27.39,22.38,1.575,0.944,35.9,649,2.95,754556.55
1000PEPEUSDT+DYDXUSDT+RUNEUSDT+XRPUSDT,4,0.75,100.31,23.91,12.85,2.12,1.158,38.63,510,2.98,790157.89
1000PEPEUSDT+DYDXUSDT+RUNEUSDT+XRPUSDT,4,1.0,139.49,27.5,16.85,2.037,1.152,38.63,510,2.98,1344640.55
1000PEPEUSDT+DYDXUSDT+RUNEUSDT+BOMEUSDT,4,0.75,71.44,22.67,12.88,2.269,0.977,39.5,362,2.95,490034.37
1000PEPEUSDT+DYDXUSDT+RUNEUSDT+BOMEUSDT,4,1.0,96.23,25.51,16.83,2.189,0.973,39.5,362,2.95,729656.77
1000PEPEUSDT+DYDXUSDT+RUNEUSDT+ENSUSDT,4,0.75,77.29,22.67,9.41,2.353,1.03,42.01,388,2.95,540963.94
1000PEPEUSDT+DYDXUSDT+RUNEUSDT+ENSUSDT,4,1.0,105.69,25.51,12.38,2.282,1.027,42.01,388,2.95,838274.16
1000PEPEUSDT+DYDXUSDT+RUNEUSDT+WLDUSDT,4,0.75,98.49,20.22,13.48,2.231,1.293,37.73,485,2.95,754746.99
1000PEPEUSDT+DYDXUSDT+RUNEUSDT+WLDUSDT,4,1.0,135.44,22.49,17.76,2.154,1.314,37.73,485,2.95,1248508.18
1000PEPEUSDT+DYDXUSDT+RUNEUSDT+XLMUSDT,4,0.75,112.79,22.8,16.53,2.207,1.186,36.87,499,2.95,926569.49
1000PEPEUSDT+DYDXUSDT+RUNEUSDT+XLMUSDT,4,1.0,156.94,25.68,21.46,2.111,1.179,36.87,499,2.95,1615242.58
1000PEPEUSDT+DYDXUSDT+XRPUSDT+BOMEUSDT,4,0.75,106.5,23.91,8.94,2.223,1.202,39.53,516,2.98,865051.9
1000PEPEUSDT+DYDXUSDT+XRPUSDT+BOMEUSDT,4,1.0,149.24,27.5,11.78,2.149,1.194,39.53,516,2.98,1514217.25
1000PEPEUSDT+DYDXUSDT+XRPUSDT+ENSUSDT,4,0.75,109.75,23.91,9.56,2.225,1.223,40.15,538,2.98,906273.15
1000PEPEUSDT+DYDXUSDT+XRPUSDT+ENSUSDT,4,1.0,154.53,27.5,12.56,2.164,1.216,40.15,538,2.98,1611756.48
1000PEPEUSDT+DYDXUSDT+XRPUSDT+WLDUSDT,4,0.75,123.34,22.94,13.06,2.096,1.419,38.06,649,2.98,1092322.42
1000PEPEUSDT+DYDXUSDT+XRPUSDT+WLDUSDT,4,1.0,173.48,26.36,17.04,2.035,1.438,38.06,649,2.98,1995660.6
1000PEPEUSDT+DYDXUSDT+XRPUSDT+XLMUSDT,4,0.75,121.47,26.26,14.14,1.992,1.218,37.29,657,2.98,1065441.81
1000PEPEUSDT+DYDXUSDT+XRPUSDT+XLMUSDT,4,1.0,168.36,30.48,18.42,1.912,1.203,37.29,657,2.98,1886653.02
1000PEPEUSDT+DYDXUSDT+BOMEUSDT+ENSUSDT,4,0.75,75.74,22.67,7.21,2.325,1.02,42.01,388,2.95,527099.67
1000PEPEUSDT+DYDXUSDT+BOMEUSDT+ENSUSDT,4,1.0,103.1,25.51,9.53,2.252,1.015,42.01,388,2.95,807525.52
1000PEPEUSDT+DYDXUSDT+BOMEUSDT+WLDUSDT,4,0.75,83.61,20.22,11.57,2.051,1.186,38.65,489,2.95,599767.3
1000PEPEUSDT+DYDXUSDT+BOMEUSDT+WLDUSDT,4,1.0,113.2,22.49,15.18,1.981,1.206,38.65,489,2.95,931752.96
1000PEPEUSDT+DYDXUSDT+BOMEUSDT+XLMUSDT,4,0.75,98.47,22.8,12.73,2.111,1.105,38.29,504,2.95,754480.3
1000PEPEUSDT+DYDXUSDT+BOMEUSDT+XLMUSDT,4,1.0,135.34,25.68,16.63,2.034,1.099,38.29,504,2.95,1246889.77
1000PEPEUSDT+DYDXUSDT+ENSUSDT+WLDUSDT,4,0.75,73.27,20.22,10.49,1.895,1.108,40.23,522,2.95,505605.32
1000PEPEUSDT+DYDXUSDT+ENSUSDT+WLDUSDT,4,1.0,98.15,22.49,13.77,1.826,1.127,40.23,522,2.95,750884.34
1000PEPEUSDT+DYDXUSDT+ENSUSDT+XLMUSDT,4,0.75,91.35,22.8,10.33,2.009,1.06,39.55,536,2.95,677438.67
1000PEPEUSDT+DYDXUSDT+ENSUSDT+XLMUSDT,4,1.0,124.91,25.68,13.57,1.932,1.056,39.55,536,2.95,1090880.16
1000PEPEUSDT+DYDXUSDT+WLDUSDT+XLMUSDT,4,0.75,108.79,20.8,13.72,1.979,1.263,37.03,632,2.95,876082.34
1000PEPEUSDT+DYDXUSDT+WLDUSDT+XLMUSDT,4,1.0,149.38,23.66,17.9,1.903,1.276,37.03,632,2.95,1479200.51
1000PEPEUSDT+RUNEUSDT+XRPUSDT+BOMEUSDT,4,0.75,105.47,23.91,9.69,2.264,1.196,39.53,516,2.98,852331.35
1000PEPEUSDT+RUNEUSDT+XRPUSDT+BOMEUSDT,4,1.0,147.86,27.5,12.74,2.188,1.189,39.53,516,2.98,1489411.69
1000PEPEUSDT+RUNEUSDT+XRPUSDT+ENSUSDT,4,0.75,103.36,23.91,10.4,2.166,1.183,40.15,533,2.98,826520.67
1000PEPEUSDT+RUNEUSDT+XRPUSDT+ENSUSDT,4,1.0,144.78,27.5,13.66,2.084,1.177,40.15,533,2.98,1434868.82
1000PEPEUSDT+RUNEUSDT+XRPUSDT+WLDUSDT,4,0.75,130.29,22.94,15.33,2.142,1.455,38.12,640,2.98,1196636.2
1000PEPEUSDT+RUNEUSDT+XRPUSDT+WLDUSDT,4,1.0,184.37,26.36,19.94,2.06,1.474,38.12,640,2.98,2241696.53
1000PEPEUSDT+RUNEUSDT+XRPUSDT+XLMUSDT,4,0.75,134.95,26.26,15.08,2.066,1.285,37.23,650,2.98,1270164.04
1000PEPEUSDT+RUNEUSDT+XRPUSDT+XLMUSDT,4,1.0,189.27,30.48,19.6,1.961,1.268,37.23,650,2.98,2358441.24
1000PEPEUSDT+RUNEUSDT+BOMEUSDT+ENSUSDT,4,0.75,76.6,22.67,8.12,2.429,1.026,41.71,386,2.95,534814.65
1000PEPEUSDT+RUNEUSDT+BOMEUSDT+ENSUSDT,4,1.0,104.6,25.51,10.72,2.354,1.023,41.71,386,2.95,825266.1
1000PEPEUSDT+RUNEUSDT+BOMEUSDT+WLDUSDT,4,0.75,95.95,20.22,12.08,2.218,1.276,38.22,484,2.95,726622.81
1000PEPEUSDT+RUNEUSDT+BOMEUSDT+WLDUSDT,4,1.0,131.88,22.49,15.81,2.139,1.297,38.22,484,2.95,1193627.82
1000PEPEUSDT+RUNEUSDT+BOMEUSDT+XLMUSDT,4,0.75,108.19,22.8,14.95,2.192,1.159,37.9,504,2.95,868695.61
1000PEPEUSDT+RUNEUSDT+BOMEUSDT+XLMUSDT,4,1.0,150.31,25.68,19.44,2.101,1.154,37.9,504,2.95,1495487.94
1000PEPEUSDT+RUNEUSDT+ENSUSDT+WLDUSDT,4,0.75,98.4,20.22,11.94,2.301,1.3,39.96,503,2.95,753725.22
1000PEPEUSDT+RUNEUSDT+ENSUSDT+WLDUSDT,4,1.0,136.1,22.49,15.64,2.229,1.324,39.96,503,2.95,1258710.22
1000PEPEUSDT+RUNEUSDT+ENSUSDT+XLMUSDT,4,0.75,109.53,22.8,11.69,2.218,1.169,40.08,529,2.95,885279.03
1000PEPEUSDT+RUNEUSDT+ENSUSDT+XLMUSDT,4,1.0,152.84,25.68,15.29,2.128,1.165,40.08,529,2.95,1540455.48
1000PEPEUSDT+RUNEUSDT+WLDUSDT+XLMUSDT,4,0.75,125.03,20.8,15.81,2.098,1.357,37.14,630,2.95,1092612.56
1000PEPEUSDT+RUNEUSDT+WLDUSDT+XLMUSDT,4,1.0,174.26,23.66,20.53,2.001,1.37,37.14,630,2.95,1957880.8
1000PEPEUSDT+XRPUSDT+BOMEUSDT+ENSUSDT,4,0.75,103.53,23.91,8.94,2.255,1.184,40.87,531,2.98,828606.21
1000PEPEUSDT+XRPUSDT+BOMEUSDT+ENSUSDT,4,1.0,145.05,27.5,11.78,2.189,1.178,40.87,531,2.98,1439631.59
1000PEPEUSDT+XRPUSDT+BOMEUSDT+WLDUSDT,4,0.75,118.96,22.94,12.98,2.134,1.396,39.17,628,2.98,1029812.3
1000PEPEUSDT+XRPUSDT+BOMEUSDT+WLDUSDT,4,1.0,167.23,26.36,16.97,2.071,1.416,39.17,628,2.98,1863003.42
1000PEPEUSDT+XRPUSDT+BOMEUSDT+XLMUSDT,4,0.75,124.21,26.26,14.14,2.101,1.234,38.54,646,2.98,1105093.94
1000PEPEUSDT+XRPUSDT+BOMEUSDT+XLMUSDT,4,1.0,172.72,30.48,18.42,2.024,1.218,38.54,646,2.98,1979310.95
1000PEPEUSDT+XRPUSDT+ENSUSDT+WLDUSDT,4,0.75,115.86,22.94,15.37,2.082,1.379,39.51,653,2.98,987084.9
1000PEPEUSDT+XRPUSDT+ENSUSDT+WLDUSDT,4,1.0,161.88,26.36,20.01,2.017,1.398,39.51,653,2.98,1754294.85
1000PEPEUSDT+XRPUSDT+ENSUSDT+XLMUSDT,4,0.75,122.38,26.26,14.14,2.072,1.225,39.16,669,2.98,1078416.91
1000PEPEUSDT+XRPUSDT+ENSUSDT+XLMUSDT,4,1.0,170.15,30.48,18.42,1.997,1.21,39.16,669,2.98,1924196.3
1000PEPEUSDT+XRPUSDT+WLDUSDT+XLMUSDT,4,0.75,122.14,26.58,17.09,1.959,1.225,37.39,690,2.98,1075039.13
1000PEPEUSDT+XRPUSDT+WLDUSDT+XLMUSDT,4,1.0,169.18,30.86,22.22,1.871,1.211,37.39,690,2.98,1903821.44
1000PEPEUSDT+BOMEUSDT+ENSUSDT+WLDUSDT,4,0.75,78.93,20.22,9.38,2.107,1.165,40.84,502,2.95,555836.85
1000PEPEUSDT+BOMEUSDT+ENSUSDT+WLDUSDT,4,1.0,106.85,22.49,12.33,2.047,1.187,40.84,502,2.95,852285.59
1000PEPEUSDT+BOMEUSDT+ENSUSDT+XLMUSDT,4,0.75,97.18,22.8,9.5,2.212,1.098,39.66,532,2.95,740091.85
1000PEPEUSDT+BOMEUSDT+ENSUSDT+XLMUSDT,4,1.0,133.73,25.68,12.47,2.156,1.093,39.66,532,2.95,1221823.7
1000PEPEUSDT+BOMEUSDT+WLDUSDT+XLMUSDT,4,0.75,115.01,20.8,13.34,2.102,1.302,37.8,627,2.95,955260.73
1000PEPEUSDT+BOMEUSDT+WLDUSDT+XLMUSDT,4,1.0,158.93,23.66,17.43,2.037,1.316,37.8,627,2.95,1652554.15
1000PEPEUSDT+ENSUSDT+WLDUSDT+XLMUSDT,4,0.75,105.03,20.8,13.96,2.037,1.25,38.79,647,2.95,830452.15
1000PEPEUSDT+ENSUSDT+WLDUSDT+XLMUSDT,4,1.0,143.68,23.66,18.41,1.974,1.261,38.79,647,2.95,1381634.09
MUSDT+TONUSDT+DYDXUSDT+RUNEUSDT,4,0.75,69.73,29.69,14.1,2.809,1.199,35.59,354,2.71,419954.63
MUSDT+TONUSDT+DYDXUSDT+RUNEUSDT,4,1.0,95.56,33.07,18.38,2.899,1.197,35.59,354,2.71,616716.43
MUSDT+TONUSDT+DYDXUSDT+XRPUSDT,4,0.75,81.23,30.02,12.92,2.586,1.284,37.1,496,2.98,586631.34
MUSDT+TONUSDT+DYDXUSDT+XRPUSDT,4,1.0,112.45,33.42,16.87,2.678,1.284,37.1,496,2.98,941435.71
MUSDT+TONUSDT+DYDXUSDT+BOMEUSDT,4,0.75,65.08,29.69,11.18,3.004,1.152,38.29,350,2.71,389496.67
MUSDT+TONUSDT+DYDXUSDT+BOMEUSDT,4,1.0,89.19,33.07,14.3,3.181,1.154,38.29,350,2.71,563704.07
MUSDT+TONUSDT+DYDXUSDT+ENSUSDT,4,0.75,61.26,29.69,11.18,2.728,1.124,38.95,380,2.71,365503.01
MUSDT+TONUSDT+DYDXUSDT+ENSUSDT,4,1.0,83.53,33.07,14.3,2.857,1.125,38.95,380,2.71,519142.8
MUSDT+TONUSDT+DYDXUSDT+WLDUSDT,4,0.75,80.16,29.7,13.01,2.601,1.291,36.31,482,2.83,527879.58
MUSDT+TONUSDT+DYDXUSDT+WLDUSDT,4,1.0,111.1,33.09,17.01,2.696,1.289,36.31,482,2.83,826186.87
MUSDT+TONUSDT+DYDXUSDT+XLMUSDT,4,0.75,77.38,30.17,15.07,2.632,1.155,36.84,494,2.94,539359.35
MUSDT+TONUSDT+DYDXUSDT+XLMUSDT,4,1.0,105.63,33.86,19.66,2.744,1.155,36.84,494,2.94,832919.91
MUSDT+TONUSDT+RUNEUSDT+XRPUSDT,4,0.75,71.17,30.02,17.13,2.273,1.191,35.93,501,2.98,495012.81
MUSDT+TONUSDT+RUNEUSDT+XRPUSDT,4,1.0,97.02,33.42,22.2,2.291,1.189,35.93,501,2.98,752181.47
MUSDT+TONUSDT+RUNEUSDT+BOMEUSDT,4,0.75,67.1,29.69,12.29,2.877,1.171,36.41,357,2.71,402534.54
MUSDT+TONUSDT+RUNEUSDT+BOMEUSDT,4,1.0,91.81,33.07,16.05,2.991,1.17,36.41,357,2.71,585196.96
MUSDT+TONUSDT+RUNEUSDT+ENSUSDT,4,0.75,59.69,29.69,13.1,2.581,1.095,36.68,368,2.71,355946.79
MUSDT+TONUSDT+RUNEUSDT+ENSUSDT,4,1.0,80.85,33.07,17.11,2.641,1.095,36.68,368,2.71,498850.17
MUSDT+TONUSDT+RUNEUSDT+WLDUSDT,4,0.75,83.37,29.7,14.64,2.604,1.311,35.15,478,2.83,554882.34
MUSDT+TONUSDT+RUNEUSDT+WLDUSDT,4,1.0,115.33,33.09,19.06,2.665,1.307,35.15,478,2.83,873830.62
MUSDT+TONUSDT+RUNEUSDT+XLMUSDT,4,0.75,75.72,30.17,15.72,2.465,1.136,35.44,491,2.94,524689.85
MUSDT+TONUSDT+RUNEUSDT+XLMUSDT,4,1.0,102.64,33.86,20.42,2.506,1.135,35.44,491,2.94,797836.04
MUSDT+TONUSDT+XRPUSDT+BOMEUSDT,4,0.75,76.59,30.02,12.44,2.528,1.234,37.33,501,2.98,543112.5
MUSDT+TONUSDT+XRPUSDT+BOMEUSDT,4,1.0,105.31,33.42,16.25,2.612,1.234,37.33,501,2.98,850340.12
MUSDT+TONUSDT+XRPUSDT+ENSUSDT,4,0.75,75.52,30.02,13.26,2.522,1.243,38.04,510,2.98,533354.93
MUSDT+TONUSDT+XRPUSDT+ENSUSDT,4,1.0,103.86,33.42,17.35,2.608,1.242,38.04,510,2.98,832588.72
MUSDT+TONUSDT+XRPUSDT+WLDUSDT,4,0.75,101.39,30.03,16.61,2.469,1.423,36.51,630,2.98,803003.24
MUSDT+TONUSDT+XRPUSDT+WLDUSDT,4,1.0,142.44,33.44,21.56,2.537,1.42,36.51,630,2.98,1394533.09
MUSDT+TONUSDT+XRPUSDT+XLMUSDT,4,0.75,94.23,30.4,16.08,2.453,1.275,36.77,631,2.98,720896.27
MUSDT+TONUSDT+XRPUSDT+XLMUSDT,4,1.0,128.73,33.84,21.01,2.525,1.267,36.77,631,2.98,1172698.32
MUSDT+TONUSDT+BOMEUSDT+ENSUSDT,4,0.75,60.3,29.69,11.18,2.876,1.117,39.63,376,2.71,359664.34
MUSDT+TONUSDT+BOMEUSDT+ENSUSDT,4,1.0,82.07,33.07,14.3,3.039,1.116,39.63,376,2.71,508026.58
MUSDT+TONUSDT+BOMEUSDT+WLDUSDT,4,0.75,78.1,29.7,13.57,2.685,1.271,37.11,477,2.83,511039.68
MUSDT+TONUSDT+BOMEUSDT+WLDUSDT,4,1.0,108.01,33.09,17.78,2.808,1.269,37.11,477,2.83,792528.34
MUSDT+TONUSDT+BOMEUSDT+XLMUSDT,4,0.75,75.74,30.17,15.07,2.704,1.141,37.7,496,2.94,524819.79
MUSDT+TONUSDT+BOMEUSDT+XLMUSDT,4,1.0,103.14,33.86,19.66,2.839,1.141,37.7,496,2.94,803644.12
MUSDT+TONUSDT+ENSUSDT+WLDUSDT,4,0.75,74.84,29.7,15.66,2.535,1.25,37.65,502,2.83,485027.88
MUSDT+TONUSDT+ENSUSDT+WLDUSDT,4,1.0,102.72,33.09,20.44,2.62,1.246,37.65,502,2.83,736870.51
MUSDT+TONUSDT+ENSUSDT+XLMUSDT,4,0.75,72.89,30.17,15.07,2.575,1.121,38.4,513,2.94,500165.85
MUSDT+TONUSDT+ENSUSDT+XLMUSDT,4,1.0,98.86,33.86,19.66,2.682,1.12,38.4,513,2.94,754789.31
MUSDT+TONUSDT+WLDUSDT+XLMUSDT,4,0.75,90.52,30.09,19.61,2.34,1.244,36.18,633,2.94,665521.35
MUSDT+TONUSDT+WLDUSDT+XLMUSDT,4,1.0,124.1,33.51,25.31,2.38,1.241,36.18,633,2.94,1072593.3
MUSDT+DYDXUSDT+RUNEUSDT+XRPUSDT,4,0.75,56.2,15.49,13.61,1.992,1.412,36.5,400,2.98,376953.14
MUSDT+DYDXUSDT+RUNEUSDT+XRPUSDT,4,1.0,76.86,20.08,17.77,1.94,1.406,36.5,400,2.98,545587.51
MUSDT+DYDXUSDT+RUNEUSDT+BOMEUSDT,4,0.75,104.33,13.77,11.16,2.271,1.696,38.67,256,1.25,245047.16
MUSDT+DYDXUSDT+RUNEUSDT+BOMEUSDT,4,1.0,150.05,17.81,14.65,2.255,1.683,38.67,256,1.25,315682.99
MUSDT+DYDXUSDT+RUNEUSDT+ENSUSDT,4,0.75,85.41,12.86,10.68,2.005,1.666,39.03,269,1.26,217173.35
MUSDT+DYDXUSDT+RUNEUSDT+ENSUSDT,4,1.0,121.21,16.73,14.01,1.979,1.654,39.03,269,1.26,271098.1
MUSDT+DYDXUSDT+RUNEUSDT+WLDUSDT,4,0.75,54.93,16.61,12.91,2.042,1.482,35.84,385,2.83,344644.91
MUSDT+DYDXUSDT+RUNEUSDT+WLDUSDT,4,1.0,75.15,21.28,16.88,2.007,1.474,35.84,385,2.83,487441.9
MUSDT+DYDXUSDT+RUNEUSDT+XLMUSDT,4,0.75,52.79,17.4,15.73,2.027,1.135,36.83,391,2.94,347758.11
MUSDT+DYDXUSDT+RUNEUSDT+XLMUSDT,4,1.0,71.02,22.55,20.47,1.991,1.129,36.83,391,2.94,484442.61
MUSDT+DYDXUSDT+XRPUSDT+BOMEUSDT,4,0.75,47.85,13.28,8.34,1.924,1.315,37.78,397,2.98,320108.73
MUSDT+DYDXUSDT+XRPUSDT+BOMEUSDT,4,1.0,65.09,17.09,10.97,1.893,1.312,37.78,397,2.98,444444.46
MUSDT+DYDXUSDT+XRPUSDT+ENSUSDT,4,0.75,46.98,14.27,9.94,1.904,1.358,38.74,413,2.98,314523.23
MUSDT+DYDXUSDT+XRPUSDT+ENSUSDT,4,1.0,64.07,18.5,13.07,1.875,1.353,38.74,413,2.98,436321.31
MUSDT+DYDXUSDT+XRPUSDT+WLDUSDT,4,0.75,68.83,16.88,11.97,1.892,1.522,36.64,535,2.98,475119.32
MUSDT+DYDXUSDT+XRPUSDT+WLDUSDT,4,1.0,95.62,21.62,15.67,1.85,1.518,36.64,535,2.98,736427.64
MUSDT+DYDXUSDT+XRPUSDT+XLMUSDT,4,0.75,66.88,21.32,16.09,1.952,1.283,37.08,534,2.98,458993.94
MUSDT+DYDXUSDT+XRPUSDT+XLMUSDT,4,1.0,90.13,27.2,21.01,1.925,1.272,37.08,534,2.98,676637.87
MUSDT+DYDXUSDT+BOMEUSDT+ENSUSDT,4,0.75,71.36,11.87,7.15,1.993,1.59,40.52,269,1.26,196718.04
MUSDT+DYDXUSDT+BOMEUSDT+ENSUSDT,4,1.0,100.72,15.42,9.48,2.001,1.583,40.52,269,1.26,239940.66
MUSDT+DYDXUSDT+BOMEUSDT+WLDUSDT,4,0.75,49.72,14.66,11.99,2.088,1.4,37.86,383,2.83,312891.14
MUSDT+DYDXUSDT+BOMEUSDT+WLDUSDT,4,1.0,68.18,18.99,15.72,2.093,1.398,37.86,383,2.83,434577.9
MUSDT+DYDXUSDT+BOMEUSDT+XLMUSDT,4,0.75,49.7,17.4,15.73,2.098,1.083,38.38,396,2.94,327494.36
MUSDT+DYDXUSDT+BOMEUSDT+XLMUSDT,4,1.0,66.72,22.55,20.47,2.1,1.08,38.38,396,2.94,449501.74
MUSDT+DYDXUSDT+ENSUSDT+WLDUSDT,4,0.75,40.25,15.58,11.39,1.775,1.339,37.9,409,2.83,260128.83
MUSDT+DYDXUSDT+ENSUSDT+WLDUSDT,4,1.0,54.46,20.12,14.92,1.75,1.337,37.9,409,2.83,341718.36
MUSDT+DYDXUSDT+ENSUSDT+XLMUSDT,4,0.75,46.48,17.4,15.73,1.985,1.071,39.57,422,2.94,307229.02
MUSDT+DYDXUSDT+ENSUSDT+XLMUSDT,4,1.0,62.53,22.55,20.47,1.985,1.069,39.57,422,2.94,417119.07
MUSDT+DYDXUSDT+WLDUSDT+XLMUSDT,4,0.75,60.71,19.49,18.03,1.836,1.214,36.12,526,2.94,403503.59
MUSDT+DYDXUSDT+WLDUSDT+XLMUSDT,4,1.0,82.32,25.15,23.35,1.794,1.209,36.12,526,2.94,584729.2
MUSDT+RUNEUSDT+XRPUSDT+BOMEUSDT,4,0.75,51.58,14.21,12.58,1.948,1.329,37.19,406,2.98,344759.91
MUSDT+RUNEUSDT+XRPUSDT+BOMEUSDT,4,1.0,70.2,18.47,16.43,1.902,1.325,37.19,406,2.98,486693.16
MUSDT+RUNEUSDT+XRPUSDT+ENSUSDT,4,0.75,50.92,15.81,11.41,1.932,1.369,38.15,422,2.98,340342.02
MUSDT+RUNEUSDT+XRPUSDT+ENSUSDT,4,1.0,69.6,20.21,15.0,1.887,1.364,38.15,422,2.98,481584.47
MUSDT+RUNEUSDT+XRPUSDT+WLDUSDT,4,0.75,71.77,20.83,17.23,1.879,1.525,36.26,546,2.98,500123.42
MUSDT+RUNEUSDT+XRPUSDT+WLDUSDT,4,1.0,99.53,26.46,22.38,1.821,1.52,36.26,546,2.98,781125.06
MUSDT+RUNEUSDT+XRPUSDT+XLMUSDT,4,0.75,65.87,21.32,16.09,1.866,1.259,36.6,541,2.98,450729.68
MUSDT+RUNEUSDT+XRPUSDT+XLMUSDT,4,1.0,88.37,27.2,21.01,1.813,1.247,36.6,541,2.98,658120.36
MUSDT+RUNEUSDT+BOMEUSDT+ENSUSDT,4,0.75,77.64,12.58,10.24,1.996,1.578,39.78,279,1.26,205816.14
MUSDT+RUNEUSDT+BOMEUSDT+ENSUSDT,4,1.0,109.68,16.37,13.52,1.982,1.569,39.78,279,1.26,253478.37
MUSDT+RUNEUSDT+BOMEUSDT+WLDUSDT,4,0.75,51.95,17.13,14.93,2.063,1.422,36.95,387,2.83,326207.61
MUSDT+RUNEUSDT+BOMEUSDT+WLDUSDT,4,1.0,71.0,22.15,19.45,2.041,1.417,36.95,387,2.83,455495.6
MUSDT+RUNEUSDT+BOMEUSDT+XLMUSDT,4,0.75,49.46,17.4,15.73,2.0,1.089,37.72,403,2.94,325942.62
MUSDT+RUNEUSDT+BOMEUSDT+XLMUSDT,4,1.0,66.37,22.55,20.47,1.971,1.085,37.72,403,2.94,446706.91
MUSDT+RUNEUSDT+ENSUSDT+WLDUSDT,4,0.75,46.35,19.41,15.64,1.874,1.39,37.25,408,2.83,293364.65
MUSDT+RUNEUSDT+ENSUSDT+WLDUSDT,4,1.0,62.76,24.9,20.49,1.832,1.385,37.25,408,2.83,396206.39
MUSDT+RUNEUSDT+ENSUSDT+XLMUSDT,4,0.75,48.68,17.4,15.73,1.987,1.093,39.09,417,2.94,321012.67
MUSDT+RUNEUSDT+ENSUSDT+XLMUSDT,4,1.0,65.5,22.55,20.47,1.959,1.09,39.09,417,2.94,439910.04
MUSDT+RUNEUSDT+WLDUSDT+XLMUSDT,4,0.75,64.06,22.02,18.45,1.832,1.235,35.87,538,2.94,428763.9
MUSDT+RUNEUSDT+WLDUSDT+XLMUSDT,4,1.0,86.81,28.16,23.99,1.776,1.23,35.87,538,2.94,628142.05
MUSDT+XRPUSDT+BOMEUSDT+ENSUSDT,4,0.75,46.2,15.31,10.18,1.964,1.302,39.13,414,2.98,309595.9
MUSDT+XRPUSDT+BOMEUSDT+ENSUSDT,4,1.0,62.92,19.31,13.43,1.95,1.299,39.13,414,2.98,427299.9
MUSDT+XRPUSDT+BOMEUSDT+WLDUSDT,4,0.75,61.87,19.8,16.2,1.826,1.413,37.55,538,2.98,419168.88
MUSDT+XRPUSDT+BOMEUSDT+WLDUSDT,4,1.0,85.32,25.36,21.07,1.788,1.412,37.55,538,2.98,626973.03
MUSDT+XRPUSDT+BOMEUSDT+XLMUSDT,4,0.75,60.87,21.32,16.09,1.89,1.202,37.36,538,2.98,411542.38
MUSDT+XRPUSDT+BOMEUSDT+XLMUSDT,4,1.0,81.29,27.2,21.01,1.861,1.192,37.36,538,2.98,587198.8
MUSDT+XRPUSDT+ENSUSDT+WLDUSDT,4,0.75,66.7,21.98,18.07,1.918,1.518,38.06,557,2.98,457512.65
MUSDT+XRPUSDT+ENSUSDT+WLDUSDT,4,1.0,92.45,28.02,23.42,1.893,1.515,38.06,557,2.98,701437.06
MUSDT+XRPUSDT+ENSUSDT+XLMUSDT,4,0.75,62.14,21.32,16.09,1.913,1.242,38.71,558,2.98,421261.19
MUSDT+XRPUSDT+ENSUSDT+XLMUSDT,4,1.0,83.45,27.2,21.01,1.889,1.231,38.71,558,2.98,608300.57
MUSDT+XRPUSDT+WLDUSDT+XLMUSDT,4,0.75,80.7,24.98,21.02,1.81,1.376,36.42,681,2.98,581582.58
MUSDT+XRPUSDT+WLDUSDT+XLMUSDT,4,1.0,110.12,31.69,27.07,1.763,1.368,36.42,681,2.98,911065.07
MUSDT+BOMEUSDT+ENSUSDT+WLDUSDT,4,0.75,43.29,18.25,14.55,1.961,1.362,38.65,401,2.83,276376.68
MUSDT+BOMEUSDT+ENSUSDT+WLDUSDT,4,1.0,58.8,23.67,19.1,1.961,1.36,38.65,401,2.83,369517.01
MUSDT+BOMEUSDT+ENSUSDT+XLMUSDT,4,0.75,44.71,17.4,15.73,2.03,1.045,40.28,422,2.94,296436.56
MUSDT+BOMEUSDT+ENSUSDT+XLMUSDT,4,1.0,59.9,22.55,20.47,2.04,1.042,40.28,422,2.94,397547.74
MUSDT+BOMEUSDT+WLDUSDT+XLMUSDT,4,0.75,55.46,21.24,18.03,1.774,1.144,37.17,538,2.94,365955.26
MUSDT+BOMEUSDT+WLDUSDT+XLMUSDT,4,1.0,74.78,27.37,23.35,1.737,1.141,37.17,538,2.94,516421.66
MUSDT+ENSUSDT+WLDUSDT+XLMUSDT,4,0.75,60.04,22.96,20.15,1.877,1.217,37.88,557,2.94,398610.1
MUSDT+ENSUSDT+WLDUSDT+XLMUSDT,4,1.0,81.41,29.39,26.06,1.853,1.213,37.88,557,2.94,576215.17
TONUSDT+DYDXUSDT+RUNEUSDT+XRPUSDT,4,0.75,59.46,30.02,14.37,2.161,1.082,35.71,476,2.98,400880.98
TONUSDT+DYDXUSDT+RUNEUSDT+XRPUSDT,4,1.0,79.7,33.42,18.73,2.185,1.079,35.71,476,2.98,572071.89
TONUSDT+DYDXUSDT+RUNEUSDT+BOMEUSDT,4,0.75,42.82,29.69,15.32,2.305,0.893,35.86,343,2.71,262949.72
TONUSDT+DYDXUSDT+RUNEUSDT+BOMEUSDT,4,1.0,56.26,33.07,19.91,2.366,0.893,35.86,343,2.71,335559.84
TONUSDT+DYDXUSDT+RUNEUSDT+ENSUSDT,4,0.75,46.36,29.69,11.18,2.373,0.958,37.57,346,2.71,281000.38
TONUSDT+DYDXUSDT+RUNEUSDT+ENSUSDT,4,1.0,61.67,33.07,14.3,2.443,0.956,37.57,346,2.71,368058.49
TONUSDT+DYDXUSDT+RUNEUSDT+WLDUSDT,4,0.75,68.07,29.7,16.42,2.37,1.169,35.21,463,2.83,433812.27
TONUSDT+DYDXUSDT+RUNEUSDT+WLDUSDT,4,1.0,92.56,33.09,21.36,2.425,1.166,35.21,463,2.83,637164.52
TONUSDT+DYDXUSDT+RUNEUSDT+XLMUSDT,4,0.75,70.55,30.17,18.03,2.331,1.094,34.52,478,2.94,480569.92
TONUSDT+DYDXUSDT+RUNEUSDT+XLMUSDT,4,1.0,94.77,33.86,23.34,2.359,1.091,34.52,478,2.94,710101.22
TONUSDT+DYDXUSDT+XRPUSDT+BOMEUSDT,4,0.75,60.98,30.02,12.22,2.268,1.087,36.19,478,2.98,412364.03
TONUSDT+DYDXUSDT+XRPUSDT+BOMEUSDT,4,1.0,81.76,33.42,16.01,2.316,1.084,36.19,478,2.98,591767.59
TONUSDT+DYDXUSDT+XRPUSDT+ENSUSDT,4,0.75,70.7,30.02,12.05,2.41,1.21,37.73,493,2.98,490968.87
TONUSDT+DYDXUSDT+XRPUSDT+ENSUSDT,4,1.0,96.6,33.42,15.8,2.483,1.207,37.73,493,2.98,747420.14
TONUSDT+DYDXUSDT+XRPUSDT+WLDUSDT,4,0.75,76.39,30.03,20.19,2.109,1.22,35.81,620,2.98,541242.47
TONUSDT+DYDXUSDT+XRPUSDT+WLDUSDT,4,1.0,104.11,33.44,26.04,2.143,1.217,35.81,620,2.98,835705.71
TONUSDT+DYDXUSDT+XRPUSDT+XLMUSDT,4,0.75,86.37,30.4,16.08,2.297,1.223,36.5,622,2.98,637576.88
TONUSDT+DYDXUSDT+XRPUSDT+XLMUSDT,4,1.0,116.66,33.84,21.01,2.345,1.213,36.5,622,2.98,997945.63
TONUSDT+DYDXUSDT+BOMEUSDT+ENSUSDT,4,0.75,49.63,29.69,11.18,2.504,0.988,39.06,361,2.71,298353.3
TONUSDT+DYDXUSDT+BOMEUSDT+ENSUSDT,4,1.0,66.17,33.07,14.3,2.603,0.987,39.06,361,2.71,396498.91
TONUSDT+DYDXUSDT+BOMEUSDT+WLDUSDT,4,0.75,60.4,29.71,18.4,2.29,1.083,36.31,471,2.83,380175.02
TONUSDT+DYDXUSDT+BOMEUSDT+WLDUSDT,4,1.0,81.34,33.09,23.85,2.364,1.082,36.31,471,2.83,537744.51
TONUSDT+DYDXUSDT+BOMEUSDT+XLMUSDT,4,0.75,65.63,30.17,15.07,2.449,1.048,36.78,484,2.94,440895.43
TONUSDT+DYDXUSDT+BOMEUSDT+XLMUSDT,4,1.0,87.69,33.86,19.66,2.534,1.046,36.78,484,2.94,636886.65
TONUSDT+DYDXUSDT+ENSUSDT+WLDUSDT,4,0.75,48.47,29.7,11.96,1.984,0.972,37.01,489,2.83,305530.02
TONUSDT+DYDXUSDT+ENSUSDT+WLDUSDT,4,1.0,64.44,33.09,15.65,2.018,0.97,37.01,489,2.83,407822.94
TONUSDT+DYDXUSDT+ENSUSDT+XLMUSDT,4,0.75,67.37,30.17,15.07,2.472,1.078,38.43,497,2.94,454655.39
TONUSDT+DYDXUSDT+ENSUSDT+XLMUSDT,4,1.0,90.66,33.86,19.66,2.57,1.076,38.43,497,2.94,666968.42
TONUSDT+DYDXUSDT+WLDUSDT+XLMUSDT,4,0.75,67.85,30.09,19.61,2.021,1.063,34.89,619,2.94,458529.41
TONUSDT+DYDXUSDT+WLDUSDT+XLMUSDT,4,1.0,90.45,33.51,25.31,2.044,1.06,34.89,619,2.94,664729.0
TONUSDT+RUNEUSDT+XRPUSDT+BOMEUSDT,4,0.75,58.37,30.02,13.51,2.149,1.068,35.95,484,2.98,392747.29
TONUSDT+RUNEUSDT+XRPUSDT+BOMEUSDT,4,1.0,78.14,33.42,17.61,2.169,1.066,35.95,484,2.98,557420.74
TONUSDT+RUNEUSDT+XRPUSDT+ENSUSDT,4,0.75,60.38,30.02,13.13,2.157,1.096,36.99,492,2.98,407813.91
TONUSDT+RUNEUSDT+XRPUSDT+ENSUSDT,4,1.0,81.28,33.42,17.15,2.175,1.094,36.99,492,2.98,587101.74
TONUSDT+RUNEUSDT+XRPUSDT+WLDUSDT,4,0.75,85.14,30.03,16.17,2.163,1.291,35.42,624,2.98,625108.21
TONUSDT+RUNEUSDT+XRPUSDT+WLDUSDT,4,1.0,117.0,33.43,21.05,2.173,1.287,35.42,624,2.98,1002611.19
TONUSDT+RUNEUSDT+XRPUSDT+XLMUSDT,4,0.75,88.86,30.4,16.08,2.272,1.235,35.49,617,2.98,663270.23
TONUSDT+RUNEUSDT+XRPUSDT+XLMUSDT,4,1.0,119.95,33.84,21.01,2.282,1.224,35.49,617,2.98,1043793.49
TONUSDT+RUNEUSDT+BOMEUSDT+ENSUSDT,4,0.75,44.29,29.69,11.18,2.341,0.932,37.26,365,2.71,270331.26
TONUSDT+RUNEUSDT+BOMEUSDT+ENSUSDT,4,1.0,58.69,33.07,14.3,2.412,0.93,37.26,365,2.71,349936.79
TONUSDT+RUNEUSDT+BOMEUSDT+WLDUSDT,4,0.75,68.82,29.7,14.91,2.358,1.174,34.98,466,2.83,439320.74
TONUSDT+RUNEUSDT+BOMEUSDT+WLDUSDT,4,1.0,93.79,33.09,19.41,2.403,1.172,34.98,466,2.83,648733.58
TONUSDT+RUNEUSDT+BOMEUSDT+XLMUSDT,4,0.75,66.43,30.17,15.71,2.35,1.056,34.92,484,2.94,447206.26
TONUSDT+RUNEUSDT+BOMEUSDT+XLMUSDT,4,1.0,88.68,33.86,20.4,2.39,1.053,34.92,484,2.94,646810.88
TONUSDT+RUNEUSDT+ENSUSDT+WLDUSDT,4,0.75,67.24,29.7,13.86,2.334,1.168,36.55,487,2.83,427772.51
TONUSDT+RUNEUSDT+ENSUSDT+WLDUSDT,4,1.0,91.35,33.09,18.18,2.374,1.165,36.55,487,2.83,625893.36
TONUSDT+RUNEUSDT+ENSUSDT+XLMUSDT,4,0.75,65.98,30.17,15.07,2.267,1.053,36.33,501,2.94,443648.81
TONUSDT+RUNEUSDT+ENSUSDT+XLMUSDT,4,1.0,88.27,33.86,19.66,2.291,1.051,36.33,501,2.94,642604.68
TONUSDT+RUNEUSDT+WLDUSDT+XLMUSDT,4,0.75,80.48,30.09,19.61,2.131,1.161,35.05,622,2.94,567527.14
TONUSDT+RUNEUSDT+WLDUSDT+XLMUSDT,4,1.0,108.62,33.51,25.31,2.128,1.157,35.05,622,2.94,869060.5
TONUSDT+XRPUSDT+BOMEUSDT+ENSUSDT,4,0.75,67.0,30.02,10.52,2.382,1.167,37.92,501,2.98,459941.11
TONUSDT+XRPUSDT+BOMEUSDT+ENSUSDT,4,1.0,91.02,33.42,13.8,2.447,1.164,37.92,501,2.98,686031.07
TONUSDT+XRPUSDT+BOMEUSDT+WLDUSDT,4,0.75,79.23,30.03,17.27,2.191,1.245,36.6,623,2.98,567559.54
TONUSDT+XRPUSDT+BOMEUSDT+WLDUSDT,4,1.0,108.61,33.44,22.4,2.24,1.244,36.6,623,2.98,891654.5
TONUSDT+XRPUSDT+BOMEUSDT+XLMUSDT,4,0.75,81.38,30.4,16.08,2.267,1.178,36.68,627,2.98,588121.48
TONUSDT+XRPUSDT+BOMEUSDT+XLMUSDT,4,1.0,108.97,33.84,21.01,2.31,1.168,36.68,627,2.98,896230.77
TONUSDT+XRPUSDT+ENSUSDT+WLDUSDT,4,0.75,68.28,30.03,19.48,1.984,1.156,36.63,647,2.98,470554.49
TONUSDT+XRPUSDT+ENSUSDT+WLDUSDT,4,1.0,92.42,33.43,25.17,2.007,1.154,36.63,647,2.98,701162.55
TONUSDT+XRPUSDT+ENSUSDT+XLMUSDT,4,0.75,83.96,30.4,16.08,2.316,1.206,37.82,632,2.98,613355.23
TONUSDT+XRPUSDT+ENSUSDT+XLMUSDT,4,1.0,113.12,33.84,21.01,2.37,1.196,37.82,632,2.98,950221.65
TONUSDT+XRPUSDT+WLDUSDT+XLMUSDT,4,0.75,40.11,25.0,21.5,1.419,0.945,35.2,679,2.98,272810.06
TONUSDT+XRPUSDT+WLDUSDT+XLMUSDT,4,1.0,51.17,31.82,27.68,1.375,0.935,35.2,679,2.98,342021.44
TONUSDT+BOMEUSDT+ENSUSDT+WLDUSDT,4,0.75,48.78,29.7,16.51,2.046,0.98,37.1,496,2.83,307386.11
TONUSDT+BOMEUSDT+ENSUSDT+WLDUSDT,4,1.0,64.98,33.09,21.51,2.097,0.978,37.1,496,2.83,411646.3
TONUSDT+BOMEUSDT+ENSUSDT+XLMUSDT,4,0.75,63.95,30.17,15.07,2.435,1.044,38.02,505,2.94,427932.79
TONUSDT+BOMEUSDT+ENSUSDT+XLMUSDT,4,1.0,85.52,33.86,19.66,2.53,1.041,38.02,505,2.94,615474.68
TONUSDT+BOMEUSDT+WLDUSDT+XLMUSDT,4,0.75,66.29,30.09,19.61,2.065,1.048,35.55,616,2.94,446095.67
TONUSDT+BOMEUSDT+WLDUSDT+XLMUSDT,4,1.0,88.14,33.51,25.31,2.099,1.045,35.55,616,2.94,641326.97
TONUSDT+ENSUSDT+WLDUSDT+XLMUSDT,4,0.75,63.82,30.09,23.24,1.978,1.026,36.32,647,2.94,426884.39
TONUSDT+ENSUSDT+WLDUSDT+XLMUSDT,4,1.0,84.6,33.51,29.87,2.002,1.023,36.32,647,2.94,606539.24
DYDXUSDT+RUNEUSDT+XRPUSDT+BOMEUSDT,4,0.75,42.34,14.38,10.65,1.885,1.217,37.4,377,2.98,285920.9
DYDXUSDT+RUNEUSDT+XRPUSDT+BOMEUSDT,4,1.0,57.11,18.6,14.01,1.859,1.215,37.4,377,2.98,383559.9
DYDXUSDT+RUNEUSDT+XRPUSDT+ENSUSDT,4,0.75,44.68,12.29,10.25,1.861,1.32,37.34,399,2.98,300111.13
DYDXUSDT+RUNEUSDT+XRPUSDT+ENSUSDT,4,1.0,60.75,15.92,13.46,1.831,1.317,37.34,399,2.98,410608.2
DYDXUSDT+RUNEUSDT+XRPUSDT+WLDUSDT,4,0.75,63.98,21.47,17.54,1.833,1.438,35.95,523,2.98,435673.25
DYDXUSDT+RUNEUSDT+XRPUSDT+WLDUSDT,4,1.0,87.78,27.29,22.77,1.788,1.432,35.95,523,2.98,652041.98
DYDXUSDT+RUNEUSDT+XRPUSDT+XLMUSDT,4,0.75,71.41,21.32,16.09,1.946,1.329,35.21,514,2.98,497018.95
DYDXUSDT+RUNEUSDT+XRPUSDT+XLMUSDT,4,1.0,96.34,27.2,21.01,1.894,1.315,35.21,514,2.98,744514.08
DYDXUSDT+RUNEUSDT+BOMEUSDT+ENSUSDT,4,0.75,66.33,12.05,9.94,1.919,1.42,38.93,262,1.26,189480.81
DYDXUSDT+RUNEUSDT+BOMEUSDT+ENSUSDT,4,1.0,92.4,15.67,13.05,1.916,1.412,38.93,262,1.26,227507.17
DYDXUSDT+RUNEUSDT+BOMEUSDT+WLDUSDT,4,0.75,41.82,17.55,15.1,1.859,1.225,36.22,370,2.83,268457.45
DYDXUSDT+RUNEUSDT+BOMEUSDT+WLDUSDT,4,1.0,56.15,22.71,19.79,1.833,1.219,36.22,370,2.83,352381.9
DYDXUSDT+RUNEUSDT+BOMEUSDT+XLMUSDT,4,0.75,50.51,17.4,15.73,1.983,1.087,35.37,376,2.94,332721.58
DYDXUSDT+RUNEUSDT+BOMEUSDT+XLMUSDT,4,1.0,67.57,22.55,20.47,1.948,1.082,35.37,376,2.94,456246.51
DYDXUSDT+RUNEUSDT+ENSUSDT+WLDUSDT,4,0.75,46.47,14.16,10.03,1.943,1.386,37.7,382,2.83,294051.97
DYDXUSDT+RUNEUSDT+ENSUSDT+WLDUSDT,4,1.0,63.35,18.25,13.24,1.918,1.381,37.7,382,2.83,400268.27
DYDXUSDT+RUNEUSDT+ENSUSDT+XLMUSDT,4,0.75,53.16,17.4,15.73,2.087,1.16,38.68,393,2.94,350253.22
DYDXUSDT+RUNEUSDT+ENSUSDT+XLMUSDT,4,1.0,71.97,22.55,20.47,2.067,1.156,38.68,393,2.94,492450.18
DYDXUSDT+RUNEUSDT+WLDUSDT+XLMUSDT,4,0.75,68.55,19.49,18.03,1.921,1.299,34.9,510,2.94,464191.86
DYDXUSDT+RUNEUSDT+WLDUSDT+XLMUSDT,4,1.0,93.54,25.15,23.35,1.869,1.292,34.9,510,2.94,697025.43
DYDXUSDT+XRPUSDT+BOMEUSDT+ENSUSDT,4,0.75,44.06,13.28,8.47,1.877,1.318,38.1,399,2.98,296303.85
DYDXUSDT+XRPUSDT+BOMEUSDT+ENSUSDT,4,1.0,59.9,16.62,11.17,1.853,1.315,38.1,399,2.98,404182.91
DYDXUSDT+XRPUSDT+BOMEUSDT+WLDUSDT,4,0.75,55.6,19.66,16.85,1.795,1.365,37.33,509,2.98,372692.17
DYDXUSDT+XRPUSDT+BOMEUSDT+WLDUSDT,4,1.0,76.04,25.21,21.87,1.768,1.362,37.33,509,2.98,538037.88
DYDXUSDT+XRPUSDT+BOMEUSDT+XLMUSDT,4,0.75,63.3,21.32,16.09,1.93,1.234,36.45,513,2.98,430307.36
DYDXUSDT+XRPUSDT+BOMEUSDT+XLMUSDT,4,1.0,84.75,27.2,21.01,1.903,1.223,36.45,513,2.98,621164.37
DYDXUSDT+XRPUSDT+ENSUSDT+WLDUSDT,4,0.75,52.12,16.88,11.97,1.719,1.381,37.95,527,2.98,348430.5
DYDXUSDT+XRPUSDT+ENSUSDT+WLDUSDT,4,1.0,71.14,21.62,15.67,1.686,1.378,37.95,527,2.98,494695.85
DYDXUSDT+XRPUSDT+ENSUSDT+XLMUSDT,4,0.75,61.98,21.32,16.09,1.913,1.251,37.57,535,2.98,420042.33
DYDXUSDT+XRPUSDT+ENSUSDT+XLMUSDT,4,1.0,83.18,27.2,21.01,1.893,1.24,37.57,535,2.98,605659.93
DYDXUSDT+XRPUSDT+WLDUSDT+XLMUSDT,4,0.75,75.28,23.35,17.03,1.755,1.344,35.63,654,2.98,531218.05
DYDXUSDT+XRPUSDT+WLDUSDT+XLMUSDT,4,1.0,101.98,29.5,22.07,1.701,1.335,35.63,654,2.98,809909.02
DYDXUSDT+BOMEUSDT+ENSUSDT+WLDUSDT,4,0.75,27.68,12.76,9.28,1.599,1.156,38.12,383,2.83,199505.03
DYDXUSDT+BOMEUSDT+ENSUSDT+WLDUSDT,4,1.0,36.86,16.68,12.22,1.582,1.15,38.12,383,2.83,242766.18
DYDXUSDT+BOMEUSDT+ENSUSDT+XLMUSDT,4,0.75,41.8,17.4,15.73,1.935,0.991,38.46,403,2.94,279277.11
DYDXUSDT+BOMEUSDT+ENSUSDT+XLMUSDT,4,1.0,55.56,22.55,20.47,1.931,0.988,38.46,403,2.94,366632.41
DYDXUSDT+BOMEUSDT+WLDUSDT+XLMUSDT,4,0.75,62.25,19.49,18.03,1.963,1.221,35.86,502,2.94,414973.19
DYDXUSDT+BOMEUSDT+WLDUSDT+XLMUSDT,4,1.0,84.47,25.15,23.35,1.947,1.217,35.86,502,2.94,605221.81
DYDXUSDT+ENSUSDT+WLDUSDT+XLMUSDT,4,0.75,50.51,19.49,18.03,1.702,1.1,37.08,534,2.94,332719.08
DYDXUSDT+ENSUSDT+WLDUSDT+XLMUSDT,4,1.0,67.36,25.15,23.35,1.663,1.095,37.08,534,2.94,454620.62
RUNEUSDT+XRPUSDT+BOMEUSDT+ENSUSDT,4,0.75,40.46,12.69,9.46,1.813,1.232,37.75,408,2.98,274804.65
RUNEUSDT+XRPUSDT+BOMEUSDT+ENSUSDT,4,1.0,54.65,15.82,12.42,1.782,1.23,37.75,408,2.98,365964.93
RUNEUSDT+XRPUSDT+BOMEUSDT+WLDUSDT,4,0.75,65.19,17.36,14.18,1.892,1.455,36.58,514,2.98,445310.78
RUNEUSDT+XRPUSDT+BOMEUSDT+WLDUSDT,4,1.0,89.9,22.26,18.57,1.852,1.452,36.58,514,2.98,674213.67
RUNEUSDT+XRPUSDT+BOMEUSDT+XLMUSDT,4,0.75,62.83,21.32,16.09,1.847,1.222,35.65,519,2.98,426591.3
RUNEUSDT+XRPUSDT+BOMEUSDT+XLMUSDT,4,1.0,83.73,27.2,21.01,1.797,1.21,35.65,519,2.98,611106.08
RUNEUSDT+XRPUSDT+ENSUSDT+WLDUSDT,4,0.75,64.27,20.12,15.12,1.858,1.464,37.48,539,2.98,437970.19
RUNEUSDT+XRPUSDT+ENSUSDT+WLDUSDT,4,1.0,88.34,25.62,19.79,1.813,1.46,37.48,539,2.98,657843.63
RUNEUSDT+XRPUSDT+ENSUSDT+XLMUSDT,4,0.75,64.86,21.32,16.09,1.874,1.259,37.77,548,2.98,442646.49
RUNEUSDT+XRPUSDT+ENSUSDT+XLMUSDT,4,1.0,87.04,27.2,21.01,1.826,1.247,37.77,548,2.98,644423.67
RUNEUSDT+XRPUSDT+WLDUSDT+XLMUSDT,4,0.75,78.32,24.32,19.72,1.728,1.342,35.11,675,2.98,559049.53
RUNEUSDT+XRPUSDT+WLDUSDT+XLMUSDT,4,1.0,105.69,30.82,25.52,1.663,1.33,35.11,675,2.98,855092.28
RUNEUSDT+BOMEUSDT+ENSUSDT+WLDUSDT,4,0.75,43.97,13.24,10.92,1.91,1.346,37.72,395,2.83,280116.82
RUNEUSDT+BOMEUSDT+ENSUSDT+WLDUSDT,4,1.0,59.77,17.22,14.39,1.889,1.342,37.72,395,2.83,375973.21
RUNEUSDT+BOMEUSDT+ENSUSDT+XLMUSDT,4,0.75,46.18,17.4,15.73,1.921,1.054,38.37,417,2.94,305364.49
RUNEUSDT+BOMEUSDT+ENSUSDT+XLMUSDT,4,1.0,61.73,22.55,20.47,1.893,1.049,38.37,417,2.94,411046.65
RUNEUSDT+BOMEUSDT+WLDUSDT+XLMUSDT,4,0.75,59.3,20.09,18.03,1.826,1.177,35.02,514,2.94,393213.36
RUNEUSDT+BOMEUSDT+WLDUSDT+XLMUSDT,4,1.0,79.8,26.0,23.35,1.782,1.172,35.02,514,2.94,561305.82
RUNEUSDT+ENSUSDT+WLDUSDT+XLMUSDT,4,0.75,57.43,19.49,18.03,1.797,1.167,37.43,545,2.94,379765.85
RUNEUSDT+ENSUSDT+WLDUSDT+XLMUSDT,4,1.0,77.45,25.15,23.35,1.752,1.164,37.43,545,2.94,540023.28
XRPUSDT+BOMEUSDT+ENSUSDT+WLDUSDT,4,0.75,49.22,16.88,11.97,1.724,1.323,38.79,531,2.98,329027.64
XRPUSDT+BOMEUSDT+ENSUSDT+WLDUSDT,4,1.0,66.93,21.62,15.67,1.693,1.32,38.79,531,2.98,459403.42
XRPUSDT+BOMEUSDT+ENSUSDT+XLMUSDT,4,0.75,56.65,21.32,16.09,1.851,1.171,37.61,545,2.98,380201.66
XRPUSDT+BOMEUSDT+ENSUSDT+XLMUSDT,4,1.0,75.21,27.2,21.01,1.826,1.16,37.61,545,2.98,530556.05
XRPUSDT+BOMEUSDT+WLDUSDT+XLMUSDT,4,0.75,68.76,23.35,18.19,1.702,1.261,36.39,654,2.98,474521.97
XRPUSDT+BOMEUSDT+WLDUSDT+XLMUSDT,4,1.0,92.05,29.5,23.58,1.649,1.251,36.39,654,2.98,697148.59
XRPUSDT+ENSUSDT+WLDUSDT+XLMUSDT,4,0.75,73.71,25.01,20.44,1.764,1.325,36.67,690,2.98,517188.47
XRPUSDT+ENSUSDT+WLDUSDT+XLMUSDT,4,1.0,99.24,31.24,26.38,1.722,1.314,36.67,690,2.98,777680.05
BOMEUSDT+ENSUSDT+WLDUSDT+XLMUSDT,4,0.75,54.98,19.49,18.03,1.877,1.161,37.57,535,2.94,362635.23
BOMEUSDT+ENSUSDT+WLDUSDT+XLMUSDT,4,1.0,73.9,25.15,23.35,1.86,1.157,37.57,535,2.94,508836.07
