pairs,n_pairs,annual_return_pct,max_dd_pct,profit_factor,sharpe,winrate_pct,trades,signals_skipped,avg_corr,final_balance,long_pct,short_pct,best_month,best_month_pnl,worst_month,worst_month_pnl
ONDOUSDT+ETHUSDT+BCHUSDT,3,129.91,7.79,2.116,3.542,44.11,560,15,0.5559,1202239.17,46.6,53.4,2026-03,188197.74,2026-04,-66478.31
ONDOUSDT+ETHUSDT+TONUSDT,3,121.66,8.94,2.0485,3.321,43.48,552,22,0.533,1071694.15,43.5,56.5,2026-01,129828.63,2024-07,-8546.61
ONDOUSDT+ETHUSDT+XLMUSDT,3,115.86,14.4,1.9677,3.128,42.81,598,26,0.5488,995824.29,45.2,54.8,2026-01,120614.97,2024-10,-6536.07
ONDOUSDT+ETHUSDT+ZECUSDT,3,123.86,7.81,1.8436,3.471,42.59,587,16,0.4863,1108986.76,47.0,53.0,2025-10,136163.49,2026-04,-38079.43
ONDOUSDT+ETHUSDT+DOGEUSDT,3,102.58,11.02,1.8555,2.946,41.94,558,33,0.6701,819615.37,44.8,55.2,2026-01,104931.72,2024-07,-3983.03
ONDOUSDT+ETHUSDT+1000PEPEUSDT,3,108.28,9.49,1.8361,3.096,41.74,563,27,0.6249,895917.17,45.6,54.4,2026-03,73734.99,2025-04,-18098.36
ONDOUSDT+ETHUSDT+SUIUSDT,3,101.31,13.08,1.8707,3.044,40.86,580,30,0.6229,807752.73,46.0,54.0,2026-03,82924.25,2023-08,-10915.08
ONDOUSDT+ETHUSDT+ADAUSDT,3,117.25,9.18,1.8728,3.203,42.41,580,34,0.6535,1012965.82,43.1,56.9,2026-03,140892.96,2026-04,-25909.24
ONDOUSDT+BCHUSDT+TONUSDT,3,124.74,9.39,1.9727,3.615,43.4,576,13,0.437,1123208.66,45.3,54.7,2026-01,176004.65,2026-04,-26413.77
ONDOUSDT+BCHUSDT+XLMUSDT,3,122.08,12.38,1.9472,3.383,42.86,623,16,0.4456,1084004.31,46.4,53.6,2026-01,139834.8,2026-04,-29524.51
ONDOUSDT+BCHUSDT+ZECUSDT,3,138.45,8.63,1.8825,3.783,43.07,599,19,0.4022,1340576.41,49.2,50.8,2025-10,162701.83,2026-04,-91620.25
ONDOUSDT+BCHUSDT+DOGEUSDT,3,126.4,9.92,1.9909,3.522,42.88,590,16,0.5467,1148247.37,46.4,53.6,2026-01,158666.68,2026-04,-23845.67
ONDOUSDT+BCHUSDT+1000PEPEUSDT,3,122.6,9.15,1.918,3.326,42.2,583,22,0.4965,1092937.68,47.2,52.8,2026-05,124789.75,2026-04,-46173.26
ONDOUSDT+BCHUSDT+SUIUSDT,3,121.22,8.33,1.9566,3.449,41.61,608,17,0.4936,1071527.71,46.4,53.6,2026-01,118641.74,2025-06,-12463.51
ONDOUSDT+BCHUSDT+ADAUSDT,3,126.49,10.67,1.8744,3.349,42.3,610,19,0.517,1149570.6,44.8,55.2,2026-03,153216.66,2026-04,-70117.06
ONDOUSDT+TONUSDT+XLMUSDT,3,115.3,10.24,1.8718,3.272,42.53,616,22,0.4422,988028.2,43.7,56.3,2026-01,192610.07,2024-10,-8713.34
ONDOUSDT+TONUSDT+ZECUSDT,3,136.58,8.46,1.8264,3.593,42.81,598,19,0.3786,1307992.44,45.8,54.2,2026-01,222378.94,2026-03,-45770.47
ONDOUSDT+TONUSDT+DOGEUSDT,3,114.76,13.74,1.855,3.276,42.0,581,24,0.5192,941448.0,43.4,56.6,2026-01,183468.64,2024-07,-8984.24
ONDOUSDT+TONUSDT+1000PEPEUSDT,3,118.57,11.78,1.8594,3.35,41.97,579,25,0.4704,1034862.44,44.6,55.4,2026-01,154961.21,2026-03,-7255.38
ONDOUSDT+TONUSDT+SUIUSDT,3,117.17,13.87,1.9345,3.385,41.4,599,25,0.4891,1013034.25,44.6,55.4,2026-01,146256.65,2023-08,-7001.28
ONDOUSDT+TONUSDT+ADAUSDT,3,128.33,14.42,1.8892,3.456,42.41,606,22,0.5063,1175092.89,42.1,57.9,2026-01,227538.7,2024-07,-12425.68
ONDOUSDT+XLMUSDT+ZECUSDT,3,129.64,9.51,1.81,3.384,42.28,641,26,0.4143,1197969.6,46.8,53.2,2025-12,162283.56,2025-04,-7908.21
ONDOUSDT+XLMUSDT+DOGEUSDT,3,116.22,8.89,1.8536,3.195,42.08,625,30,0.5441,1000772.88,44.3,55.7,2026-01,149976.69,2026-05,-17034.15
ONDOUSDT+XLMUSDT+1000PEPEUSDT,3,118.99,8.85,1.8407,3.167,41.87,621,33,0.4809,1040801.25,44.9,55.1,2025-12,101845.62,2025-04,-12987.39
ONDOUSDT+XLMUSDT+SUIUSDT,3,105.14,11.81,1.801,3.002,40.43,648,26,0.497,855303.05,45.4,54.6,2026-01,115775.42,2024-10,-11076.62
ONDOUSDT+XLMUSDT+ADAUSDT,3,113.29,10.94,1.7502,3.023,41.37,643,35,0.5708,960757.69,42.9,57.1,2026-01,166271.96,2026-02,-23851.88
ONDOUSDT+ZECUSDT+DOGEUSDT,3,122.98,9.16,1.7456,3.372,41.67,612,22,0.4738,1096065.95,46.9,53.1,2026-01,161546.59,2026-03,-11803.45
ONDOUSDT+ZECUSDT+1000PEPEUSDT,3,129.5,10.33,1.743,3.391,41.6,613,20,0.4329,1197209.49,47.8,52.2,2025-10,150702.97,2026-03,-32298.89
ONDOUSDT+ZECUSDT+SUIUSDT,3,117.85,7.48,1.7414,3.296,40.54,634,19,0.4518,1022514.11,47.5,52.5,2025-10,123588.24,2023-08,-3205.85
ONDOUSDT+ZECUSDT+ADAUSDT,3,123.51,10.14,1.6867,3.313,41.27,630,27,0.4665,1103820.58,45.1,54.9,2025-12,175031.27,2026-04,-43783.77
ONDOUSDT+DOGEUSDT+1000PEPEUSDT,3,111.49,10.19,1.794,3.139,41.4,587,34,0.6325,937804.43,44.8,55.2,2026-01,102480.87,2023-10,-5217.43
ONDOUSDT+DOGEUSDT+SUIUSDT,3,101.94,9.75,1.775,3.008,40.2,607,34,0.601,815398.18,45.6,54.4,2026-01,120856.61,2026-05,-7432.07
ONDOUSDT+DOGEUSDT+ADAUSDT,3,114.06,10.61,1.7506,3.141,41.52,607,38,0.6436,969192.78,43.0,57.0,2026-01,171216.64,2026-05,-22609.84
ONDOUSDT+1000PEPEUSDT+SUIUSDT,3,101.34,10.14,1.7166,2.983,39.54,612,28,0.5546,809685.19,45.8,54.2,2026-01,78916.49,2025-04,-10728.7
ONDOUSDT+1000PEPEUSDT+ADAUSDT,3,115.89,11.33,1.7277,3.145,41.05,609,35,0.5762,997398.19,43.8,56.2,2025-12,120545.96,2025-04,-38502.45
ONDOUSDT+SUIUSDT+ADAUSDT,3,108.26,12.43,1.7427,3.121,40.1,631,33,0.5953,893887.51,43.6,56.4,2026-01,124878.14,2025-04,-17711.01
ETHUSDT+BCHUSDT+TONUSDT,3,131.03,14.09,2.0129,3.667,44.35,584,12,0.4892,1212895.49,43.0,57.0,2026-02,171771.4,2026-04,-25242.16
ETHUSDT+BCHUSDT+XLMUSDT,3,124.7,11.88,1.9203,3.315,43.56,629,17,0.4838,1116239.26,44.0,56.0,2026-03,188694.69,2026-04,-27336.34
ETHUSDT+BCHUSDT+ZECUSDT,3,139.38,12.73,1.8294,3.842,43.89,606,19,0.4452,1347879.55,46.9,53.1,2026-02,164347.54,2026-04,-89164.28
ETHUSDT+BCHUSDT+DOGEUSDT,3,119.09,10.74,1.8905,3.447,43.39,590,23,0.6145,1035134.81,44.2,55.8,2026-02,140138.01,2025-06,-12520.17
ETHUSDT+BCHUSDT+1000PEPEUSDT,3,126.26,10.13,1.8546,3.436,43.34,593,19,0.5618,1140795.29,45.0,55.0,2026-02,143989.22,2026-04,-34499.63
ETHUSDT+BCHUSDT+SUIUSDT,3,121.94,13.0,1.8942,3.395,42.53,616,16,0.5308,1075906.85,44.5,55.5,2026-03,153027.65,2025-06,-33273.62
ETHUSDT+BCHUSDT+ADAUSDT,3,122.12,15.07,1.8177,3.349,43.04,611,25,0.5814,1078506.86,42.4,57.6,2026-03,180656.18,2026-04,-52553.2
ETHUSDT+TONUSDT+XLMUSDT,3,124.03,13.12,1.9139,3.35,43.52,625,20,0.4754,1106571.63,41.1,58.9,2026-01,151134.6,2024-10,-12410.15
ETHUSDT+TONUSDT+ZECUSDT,3,133.79,13.25,1.7944,3.653,43.3,612,12,0.4166,1255273.55,43.0,57.0,2026-02,141990.44,2025-07,-25294.69
ETHUSDT+TONUSDT+DOGEUSDT,3,123.49,9.99,1.9186,3.387,43.81,582,30,0.582,1092317.39,41.2,58.8,2026-01,156582.96,2024-07,-14113.22
ETHUSDT+TONUSDT+1000PEPEUSDT,3,120.34,12.51,1.8718,3.457,43.0,586,25,0.5307,1054350.55,41.8,58.2,2026-02,126932.57,2024-07,-12088.45
ETHUSDT+TONUSDT+SUIUSDT,3,118.52,13.08,1.8868,3.288,42.3,610,21,0.5214,1026561.02,41.8,58.2,2026-02,120848.16,2025-06,-20939.47
ETHUSDT+TONUSDT+ADAUSDT,3,120.37,11.56,1.7957,3.357,42.67,614,21,0.5657,1051461.31,39.4,60.6,2026-01,136034.54,2025-06,-22498.0
ETHUSDT+XLMUSDT+ZECUSDT,3,125.67,8.71,1.7238,3.383,42.73,653,21,0.4383,1123553.44,44.7,55.3,2025-12,124620.42,2023-11,-3242.55
ETHUSDT+XLMUSDT+DOGEUSDT,3,108.75,10.78,1.7862,3.034,42.41,632,30,0.5928,891191.41,42.7,57.3,2026-01,105806.66,2026-05,-32543.78
ETHUSDT+XLMUSDT+1000PEPEUSDT,3,114.16,13.31,1.7459,3.029,42.2,635,26,0.5272,966922.72,43.1,56.9,2025-08,92769.63,2024-10,-16065.63
ETHUSDT+XLMUSDT+SUIUSDT,3,105.28,16.32,1.7499,2.991,41.29,649,32,0.5153,847908.41,42.7,57.3,2026-04,96621.77,2026-05,-18016.74
ETHUSDT+XLMUSDT+ADAUSDT,3,111.31,11.72,1.7424,3.024,42.11,646,39,0.6162,925521.25,41.0,59.0,2026-03,140497.73,2026-05,-32979.51
ETHUSDT+ZECUSDT+DOGEUSDT,3,122.89,9.78,1.7026,3.424,42.49,619,22,0.5274,1081755.92,44.6,55.4,2025-12,114302.59,2023-08,23.48
ETHUSDT+ZECUSDT+1000PEPEUSDT,3,122.96,11.39,1.6637,3.42,41.94,620,20,0.484,1090137.79,45.5,54.5,2026-02,106814.1,2025-04,-20438.29
ETHUSDT+ZECUSDT+SUIUSDT,3,116.58,11.26,1.6906,3.31,41.25,640,20,0.4748,993452.42,44.8,55.2,2026-02,106853.42,2025-07,-16522.95
ETHUSDT+ZECUSDT+ADAUSDT,3,123.45,13.52,1.6584,3.286,42.07,637,27,0.5167,1091684.96,42.9,57.1,2025-12,137918.23,2026-04,-39950.41
ETHUSDT+DOGEUSDT+1000PEPEUSDT,3,102.24,16.29,1.6916,2.998,41.54,597,31,0.7084,815251.78,43.0,57.0,2026-01,66361.64,2025-06,-7398.21
ETHUSDT+DOGEUSDT+SUIUSDT,3,100.64,14.65,1.7066,2.981,41.04,614,34,0.6488,791509.34,43.6,56.4,2026-04,95312.09,2026-05,-22508.6
ETHUSDT+DOGEUSDT+ADAUSDT,3,110.66,10.15,1.7161,3.112,42.11,615,37,0.7186,915322.69,41.0,59.0,2026-03,108802.39,2026-05,-39382.43
ETHUSDT+1000PEPEUSDT+SUIUSDT,3,104.02,19.46,1.6913,3.022,40.65,620,27,0.5999,836856.41,43.5,56.5,2025-08,81269.15,2025-12,-25354.57
ETHUSDT+1000PEPEUSDT+ADAUSDT,3,115.82,10.99,1.7003,3.179,41.95,615,36,0.6487,989402.34,41.8,58.2,2026-03,103575.08,2025-04,-38058.73
ETHUSDT+SUIUSDT+ADAUSDT,3,112.7,12.44,1.7014,3.08,41.25,640,31,0.6397,942881.2,41.7,58.3,2026-03,119174.96,2025-06,-32249.8
BCHUSDT+TONUSDT+XLMUSDT,3,124.79,12.52,1.8479,3.425,42.95,645,15,0.3963,1117857.15,43.4,56.6,2026-01,166709.22,2024-10,-19203.87
BCHUSDT+TONUSDT+ZECUSDT,3,138.58,13.89,1.7969,3.798,43.25,622,17,0.3566,1334942.15,45.7,54.3,2026-05,197698.04,2026-04,-33973.47
BCHUSDT+TONUSDT+DOGEUSDT,3,131.06,12.05,1.8996,3.68,43.54,611,16,0.4827,1213293.16,43.2,56.8,2026-01,189857.48,2023-10,-5624.04
BCHUSDT+TONUSDT+1000PEPEUSDT,3,122.14,10.07,1.7923,3.457,42.43,608,18,0.4263,1080245.51,44.1,55.9,2026-05,166735.79,2024-10,-16566.69
BCHUSDT+TONUSDT+SUIUSDT,3,124.98,12.47,1.8667,3.545,42.09,632,14,0.4161,1120682.4,43.7,56.3,2026-01,145192.11,2025-07,-21852.34
BCHUSDT+TONUSDT+ADAUSDT,3,123.72,13.53,1.768,3.393,42.41,632,18,0.4532,1102078.5,41.9,58.1,2026-01,165021.49,2025-06,-32178.61
BCHUSDT+XLMUSDT+ZECUSDT,3,132.04,11.09,1.7323,3.549,42.68,663,26,0.371,1228337.02,46.8,53.2,2026-01,132998.88,2026-04,-46008.83
BCHUSDT+XLMUSDT+DOGEUSDT,3,119.35,11.11,1.8226,3.311,42.62,650,27,0.4863,1038927.0,44.8,55.2,2026-01,136189.45,2024-10,-10647.11
BCHUSDT+XLMUSDT+1000PEPEUSDT,3,122.64,11.89,1.7943,3.26,42.35,647,29,0.4155,1087301.92,45.4,54.6,2026-03,98237.33,2024-10,-24399.89
BCHUSDT+XLMUSDT+SUIUSDT,3,128.95,12.25,1.8707,3.373,42.28,674,22,0.4027,1180233.1,44.5,55.5,2026-01,126928.32,2024-10,-22454.67
BCHUSDT+XLMUSDT+ADAUSDT,3,118.31,11.93,1.7209,3.187,42.0,669,31,0.4965,1024268.3,42.5,57.5,2026-03,149338.67,2026-04,-29799.22
BCHUSDT+ZECUSDT+DOGEUSDT,3,129.59,10.17,1.7063,3.654,42.45,636,20,0.44,1190140.01,46.9,53.1,2026-01,134842.1,2026-04,-36636.29
BCHUSDT+ZECUSDT+1000PEPEUSDT,3,132.23,9.66,1.675,3.466,42.31,631,24,0.3915,1233015.2,47.7,52.3,2026-05,131302.44,2026-04,-65286.48
BCHUSDT+ZECUSDT+SUIUSDT,3,122.99,12.78,1.6657,3.458,41.16,656,19,0.3814,1091041.57,47.1,52.9,2026-02,105378.06,2025-07,-14335.35
BCHUSDT+ZECUSDT+ADAUSDT,3,132.71,15.04,1.6547,3.563,42.14,655,24,0.4161,1239058.12,44.9,55.1,2025-12,135522.97,2026-04,-90014.57
BCHUSDT+DOGEUSDT+1000PEPEUSDT,3,118.01,12.54,1.7815,3.249,42.14,617,26,0.5766,1021291.5,45.1,54.9,2026-02,114801.06,2024-10,-12625.86
BCHUSDT+DOGEUSDT+SUIUSDT,3,119.66,12.09,1.7978,3.449,41.64,646,17,0.5161,1043289.59,45.0,55.0,2026-01,119305.84,2024-10,-10523.6
BCHUSDT+DOGEUSDT+ADAUSDT,3,118.22,11.34,1.711,3.327,42.11,634,33,0.5787,1022952.04,43.2,56.8,2026-01,142263.69,2025-06,-23050.9
BCHUSDT+1000PEPEUSDT+SUIUSDT,3,120.0,16.03,1.7747,3.274,41.22,638,24,0.4621,1049259.97,45.1,54.9,2026-02,106049.21,2025-12,-42308.14
BCHUSDT+1000PEPEUSDT+ADAUSDT,3,117.15,13.1,1.6669,3.172,41.44,637,29,0.5037,1009231.9,44.1,55.9,2026-03,100487.68,2026-04,-45441.35
BCHUSDT+SUIUSDT+ADAUSDT,3,119.6,15.05,1.7194,3.311,41.09,662,24,0.4938,1042391.42,42.9,57.1,2026-03,127579.47,2025-06,-46414.13
TONUSDT+XLMUSDT+ZECUSDT,3,125.5,9.47,1.669,3.344,42.03,671,17,0.3619,1128407.09,43.7,56.3,2026-01,162570.75,2026-03,-26405.63
TONUSDT+XLMUSDT+DOGEUSDT,3,124.15,10.54,1.8074,3.334,42.97,647,29,0.4733,1108461.15,41.6,58.4,2026-01,189000.08,2024-07,-10637.02
TONUSDT+XLMUSDT+1000PEPEUSDT,3,111.53,12.22,1.6921,3.118,41.47,651,24,0.4039,933567.1,42.4,57.6,2026-01,133204.2,2024-10,-18902.62
TONUSDT+XLMUSDT+SUIUSDT,3,114.34,11.81,1.7936,3.179,41.22,672,23,0.4128,970031.13,42.1,57.9,2026-01,145963.53,2024-10,-11252.93
TONUSDT+XLMUSDT+ADAUSDT,3,115.36,12.85,1.6911,3.163,41.63,675,24,0.5003,983795.62,39.9,60.1,2026-01,167125.93,2024-10,-21111.68
TONUSDT+ZECUSDT+DOGEUSDT,3,126.26,10.65,1.6582,3.506,42.1,639,16,0.4068,1138662.45,43.8,56.2,2026-01,158126.06,2026-03,-61384.85
TONUSDT+ZECUSDT+1000PEPEUSDT,3,127.04,9.71,1.6279,3.456,41.65,641,13,0.3597,1152879.78,44.6,55.4,2026-01,135867.35,2026-03,-78594.71
TONUSDT+ZECUSDT+SUIUSDT,3,128.87,13.04,1.6942,3.466,41.46,656,18,0.3713,1178343.08,44.2,55.8,2026-01,141205.88,2026-03,-43341.56
TONUSDT+ZECUSDT+ADAUSDT,3,133.15,11.85,1.6358,3.511,41.91,661,17,0.3997,1245103.95,42.4,57.6,2026-01,160406.59,2024-06,-11385.41
TONUSDT+DOGEUSDT+1000PEPEUSDT,3,121.82,10.79,1.776,3.423,42.35,614,28,0.5409,1075732.79,42.0,58.0,2026-01,157445.02,2024-07,-13213.41
TONUSDT+DOGEUSDT+SUIUSDT,3,114.98,10.95,1.774,3.317,41.39,633,29,0.5021,977815.62,42.5,57.5,2026-01,144423.36,2024-07,-6526.69
TONUSDT+DOGEUSDT+ADAUSDT,3,117.36,14.02,1.6864,3.274,41.81,641,25,0.5584,1009206.7,40.1,59.9,2026-01,163753.97,2024-07,-20351.01
TONUSDT+1000PEPEUSDT+SUIUSDT,3,112.63,16.08,1.7242,3.238,40.69,639,22,0.4495,948175.93,42.7,57.3,2026-01,108218.06,2025-12,-25950.8
TONUSDT+1000PEPEUSDT+ADAUSDT,3,118.0,14.26,1.6554,3.326,41.41,640,25,0.4849,1021394.31,40.8,59.2,2026-01,142271.92,2024-10,-18521.33
TONUSDT+SUIUSDT+ADAUSDT,3,115.05,14.51,1.6947,3.247,40.72,663,22,0.4966,978784.61,40.6,59.4,2026-01,139321.05,2025-06,-22608.18
XLMUSDT+ZECUSDT+DOGEUSDT,3,130.41,8.05,1.6648,3.451,42.41,672,33,0.4374,1195104.77,44.6,55.4,2025-12,146542.04,2026-05,-20009.85
XLMUSDT+ZECUSDT+1000PEPEUSDT,3,130.85,9.09,1.6373,3.297,41.95,677,27,0.376,1209211.2,45.6,54.4,2025-08,119427.03,2026-03,-18217.42
XLMUSDT+ZECUSDT+SUIUSDT,3,122.11,10.72,1.6574,3.24,41.13,693,31,0.3849,1069139.6,44.9,55.1,2026-01,119317.01,2026-05,-12940.09
XLMUSDT+ZECUSDT+ADAUSDT,3,122.99,9.57,1.5786,3.214,41.47,692,36,0.47,1086139.24,43.2,56.8,2025-12,178980.64,2025-04,-30593.61
XLMUSDT+DOGEUSDT+1000PEPEUSDT,3,111.79,12.33,1.6638,3.016,41.55,657,35,0.5464,935404.06,43.1,56.9,2026-01,94578.86,2026-05,-17093.7
XLMUSDT+DOGEUSDT+SUIUSDT,3,104.71,12.52,1.6566,2.984,40.59,680,32,0.505,840875.88,43.5,56.5,2026-04,128640.83,2026-05,-49880.36
XLMUSDT+DOGEUSDT+ADAUSDT,3,99.32,10.86,1.5751,2.787,40.56,678,38,0.6179,777857.3,41.2,58.8,2026-01,117029.26,2026-05,-57748.57
XLMUSDT+1000PEPEUSDT+SUIUSDT,3,107.89,14.53,1.6742,2.907,40.32,682,29,0.438,885015.67,43.4,56.6,2026-04,101960.69,2024-10,-21121.03
XLMUSDT+1000PEPEUSDT+ADAUSDT,3,106.31,13.55,1.5798,2.845,40.62,682,33,0.53,865097.48,41.8,58.2,2025-12,101455.96,2025-04,-28386.74
XLMUSDT+SUIUSDT+ADAUSDT,3,102.46,13.66,1.5911,2.906,40.14,695,40,0.5392,814943.96,41.2,58.8,2026-01,96001.12,2026-05,-47827.3
ZECUSDT+DOGEUSDT+1000PEPEUSDT,3,117.56,11.55,1.5731,3.265,41.12,642,29,0.4955,1013421.64,45.5,54.5,2026-01,93116.85,2026-03,-49439.03
ZECUSDT+DOGEUSDT+SUIUSDT,3,120.3,10.24,1.6099,3.299,40.84,666,25,0.4568,1044971.23,45.8,54.2,2026-01,107125.4,2026-05,-20086.04
ZECUSDT+DOGEUSDT+ADAUSDT,3,122.2,10.52,1.5664,3.277,41.27,664,31,0.5107,1073624.91,43.5,56.5,2025-12,158556.22,2026-05,-24098.67
ZECUSDT+1000PEPEUSDT+SUIUSDT,3,114.32,10.58,1.5759,3.142,39.91,669,21,0.4121,969069.51,45.7,54.3,2025-08,84878.18,2026-03,-29036.78
ZECUSDT+1000PEPEUSDT+ADAUSDT,3,132.4,11.8,1.5631,3.368,41.5,665,29,0.445,1233505.1,44.2,55.8,2025-07,112181.67,2025-04,-65997.04
ZECUSDT+SUIUSDT+ADAUSDT,3,127.37,13.52,1.5978,3.278,40.78,689,25,0.4569,1149694.83,43.5,56.5,2026-01,102418.65,2025-04,-26693.0
DOGEUSDT+1000PEPEUSDT+SUIUSDT,3,97.66,14.02,1.5815,2.852,39.72,642,36,0.6019,761446.95,43.9,56.1,2026-04,92536.86,2025-10,-14440.86
DOGEUSDT+1000PEPEUSDT+ADAUSDT,3,105.98,12.11,1.5819,2.943,40.69,639,43,0.6628,860966.84,41.8,58.2,2026-01,104322.56,2024-10,-14817.59
DOGEUSDT+SUIUSDT+ADAUSDT,3,107.12,12.17,1.6041,2.961,40.24,666,36,0.6243,871274.56,41.9,58.1,2026-01,110855.31,2026-05,-57629.95
1000PEPEUSDT+SUIUSDT+ADAUSDT,3,98.65,15.5,1.5434,2.787,39.1,670,31,0.5531,772838.94,42.1,57.9,2025-08,69680.54,2025-04,-29993.34
ONDOUSDT+ETHUSDT+BCHUSDT+TONUSDT,4,183.76,9.85,2.0815,4.01,43.93,733,45,0.5038,2254053.99,45.0,55.0,2026-05,371268.45,2026-04,-45538.41
ONDOUSDT+ETHUSDT+BCHUSDT+XLMUSDT,4,167.01,11.88,2.0132,3.642,43.02,767,61,0.5085,1879556.8,46.2,53.8,2026-03,328546.09,2026-04,-44687.33
ONDOUSDT+ETHUSDT+BCHUSDT+ZECUSDT,4,200.36,8.48,1.9614,4.214,43.85,748,59,0.4724,2671275.09,47.9,52.1,2026-03,347001.74,2026-04,-196114.91
ONDOUSDT+ETHUSDT+BCHUSDT+DOGEUSDT,4,165.97,9.76,1.9985,3.726,42.98,726,69,0.5968,1857756.07,46.3,53.7,2026-03,288046.2,2026-04,-10784.04
ONDOUSDT+ETHUSDT+BCHUSDT+1000PEPEUSDT,4,179.3,10.25,1.9861,3.799,43.13,728,66,0.5598,2153143.18,46.8,53.2,2026-03,266063.42,2026-04,-82196.79
ONDOUSDT+ETHUSDT+BCHUSDT+SUIUSDT,4,173.22,11.43,2.0328,3.795,42.42,752,62,0.5508,2013121.32,46.3,53.7,2026-03,307924.44,2025-06,-30064.83
ONDOUSDT+ETHUSDT+BCHUSDT+ADAUSDT,4,170.93,11.17,1.9154,3.686,42.74,744,74,0.5769,1963149.02,44.8,55.2,2026-03,326433.5,2026-04,-111400.05
ONDOUSDT+ETHUSDT+TONUSDT+XLMUSDT,4,162.71,13.12,1.9319,3.557,42.78,769,58,0.4998,1790526.31,44.1,55.9,2026-01,296857.61,2024-07,-12103.73
ONDOUSDT+ETHUSDT+TONUSDT+ZECUSDT,4,181.84,9.64,1.8774,3.884,42.88,751,55,0.4536,2205880.39,44.9,55.1,2026-05,280774.65,2024-07,-9619.3
ONDOUSDT+ETHUSDT+TONUSDT+DOGEUSDT,4,163.75,11.77,2.0142,3.563,43.08,715,79,0.5761,1799064.32,44.1,55.9,2026-01,293893.69,2024-07,-12379.61
ONDOUSDT+ETHUSDT+TONUSDT+1000PEPEUSDT,4,165.0,10.51,1.9285,3.686,42.42,726,67,0.5398,1840216.63,44.5,55.5,2026-05,258804.51,2025-06,-12408.54
ONDOUSDT+ETHUSDT+TONUSDT+SUIUSDT,4,157.4,13.08,1.9484,3.625,41.74,745,68,0.5416,1682743.27,44.8,55.2,2026-01,208839.97,2023-08,-10915.08
ONDOUSDT+ETHUSDT+TONUSDT+ADAUSDT,4,172.08,14.35,1.9106,3.698,42.63,746,71,0.5646,1982907.79,42.8,57.2,2026-01,302467.02,2024-07,-20776.21
ONDOUSDT+ETHUSDT+XLMUSDT+ZECUSDT,4,179.76,8.7,1.8621,3.714,42.86,784,72,0.4719,2160330.51,46.2,53.8,2026-01,295900.22,2025-04,-8370.3
ONDOUSDT+ETHUSDT+XLMUSDT+DOGEUSDT,4,150.52,9.62,1.909,3.329,42.2,756,88,0.5889,1553585.59,44.6,55.4,2026-01,235505.08,2026-05,-10485.92
ONDOUSDT+ETHUSDT+XLMUSDT+1000PEPEUSDT,4,165.1,11.01,1.9027,3.464,42.35,765,78,0.5454,1842218.19,45.4,54.6,2026-01,195862.46,2025-04,-15176.04
ONDOUSDT+ETHUSDT+XLMUSDT+SUIUSDT,4,147.15,16.32,1.8541,3.303,41.19,789,74,0.546,1491996.64,45.2,54.8,2026-01,214485.38,2024-10,-11026.28
ONDOUSDT+ETHUSDT+XLMUSDT+ADAUSDT,4,153.52,10.87,1.8355,3.316,41.88,776,91,0.5973,1609850.98,43.7,56.3,2026-01,275441.0,2025-04,-19870.1
ONDOUSDT+ETHUSDT+ZECUSDT+DOGEUSDT,4,158.69,10.38,1.7623,3.58,41.92,749,74,0.5394,1707885.07,46.2,53.8,2026-01,218191.2,2024-07,-250.6
ONDOUSDT+ETHUSDT+ZECUSDT+1000PEPEUSDT,4,169.33,10.78,1.7537,3.717,41.93,756,66,0.507,1931431.62,47.0,53.0,2025-10,206812.08,2026-04,-52302.35
ONDOUSDT+ETHUSDT+ZECUSDT+SUIUSDT,4,154.21,10.81,1.7573,3.573,40.99,771,71,0.509,1621244.37,46.7,53.3,2025-10,184297.87,2023-08,-6789.04
ONDOUSDT+ETHUSDT+ZECUSDT+ADAUSDT,4,175.34,9.6,1.7562,3.741,42.21,770,76,0.5307,2057384.74,44.8,55.2,2025-12,289574.86,2026-04,-93121.48
ONDOUSDT+ETHUSDT+DOGEUSDT+1000PEPEUSDT,4,147.48,13.16,1.8144,3.374,41.66,725,85,0.659,1499999.31,44.6,55.4,2026-01,166686.29,2024-10,-9407.53
ONDOUSDT+ETHUSDT+DOGEUSDT+SUIUSDT,4,136.06,13.11,1.7955,3.24,40.78,743,87,0.6357,1299535.64,45.6,54.4,2026-01,200729.04,2023-08,-9172.71
ONDOUSDT+ETHUSDT+DOGEUSDT+ADAUSDT,4,150.06,10.92,1.8025,3.393,41.88,733,101,0.6714,1541393.97,43.8,56.2,2026-01,256280.96,2026-05,-20020.29
ONDOUSDT+ETHUSDT+1000PEPEUSDT+SUIUSDT,4,142.55,12.48,1.7712,3.33,40.45,759,70,0.6006,1412457.0,46.0,54.0,2026-01,140016.16,2025-06,-21242.94
ONDOUSDT+ETHUSDT+1000PEPEUSDT+ADAUSDT,4,162.59,12.17,1.7989,3.549,41.88,745,88,0.6258,1790555.53,44.7,55.3,2026-01,229068.33,2025-04,-43196.06
ONDOUSDT+ETHUSDT+SUIUSDT+ADAUSDT,4,156.32,12.92,1.8036,3.506,41.31,765,88,0.6279,1661667.9,44.6,55.4,2026-03,219459.13,2025-06,-28982.11
ONDOUSDT+BCHUSDT+TONUSDT+XLMUSDT,4,182.88,13.68,1.9843,3.858,43.16,790,52,0.4303,2233255.9,45.2,54.8,2026-01,429558.2,2024-10,-15764.09
ONDOUSDT+BCHUSDT+TONUSDT+ZECUSDT,4,188.17,10.07,1.8395,4.129,42.84,775,46,0.3936,2360395.16,46.8,53.2,2026-01,416627.09,2026-04,-77831.88
ONDOUSDT+BCHUSDT+TONUSDT+DOGEUSDT,4,174.32,12.05,1.9826,3.938,43.03,753,56,0.4964,2037260.37,45.3,54.7,2026-01,383655.15,2023-10,-5624.04
ONDOUSDT+BCHUSDT+TONUSDT+1000PEPEUSDT,4,187.45,10.73,1.9609,3.926,42.88,751,57,0.4575,2346389.35,45.7,54.3,2026-05,419242.98,2026-04,-40481.08
ONDOUSDT+BCHUSDT+TONUSDT+SUIUSDT,4,175.28,9.48,1.9335,3.963,42.18,780,48,0.459,2058846.37,45.1,54.9,2026-01,319099.88,2025-06,-17080.25
ONDOUSDT+BCHUSDT+TONUSDT+ADAUSDT,4,179.17,12.22,1.8735,3.836,42.62,779,53,0.4784,2146867.31,44.3,55.7,2026-01,419664.81,2026-04,-71007.83
ONDOUSDT+BCHUSDT+XLMUSDT+ZECUSDT,4,187.55,12.17,1.8564,3.991,42.87,807,64,0.4083,2345197.17,47.7,52.3,2026-01,346234.74,2026-04,-106649.76
ONDOUSDT+BCHUSDT+XLMUSDT+DOGEUSDT,4,165.63,11.27,1.9237,3.702,42.49,786,73,0.5057,1850537.97,46.4,53.6,2026-01,286770.49,2024-01,-8438.71
ONDOUSDT+BCHUSDT+XLMUSDT+1000PEPEUSDT,4,173.92,12.26,1.8888,3.699,42.46,789,69,0.4596,2031497.24,46.9,53.1,2026-01,234066.56,2026-04,-41255.57
ONDOUSDT+BCHUSDT+XLMUSDT+SUIUSDT,4,165.57,12.25,1.9055,3.7,41.79,816,62,0.4598,1849405.61,46.1,53.9,2026-01,274767.46,2024-10,-18941.52
ONDOUSDT+BCHUSDT+XLMUSDT+ADAUSDT,4,158.92,14.02,1.7912,3.524,41.84,803,79,0.5075,1714505.29,44.6,55.4,2026-01,317543.43,2026-04,-64770.53
ONDOUSDT+BCHUSDT+ZECUSDT+DOGEUSDT,4,196.47,8.6,1.8964,4.147,42.93,778,60,0.4657,2569321.31,47.6,52.4,2026-01,389354.07,2026-04,-100236.21
ONDOUSDT+BCHUSDT+ZECUSDT+1000PEPEUSDT,4,199.62,9.92,1.8451,3.969,42.8,771,66,0.4308,2655897.29,48.4,51.6,2026-05,351087.2,2026-04,-160065.64
ONDOUSDT+BCHUSDT+ZECUSDT+SUIUSDT,4,182.23,8.71,1.8025,3.993,41.71,796,61,0.4323,2217876.42,47.7,52.3,2026-01,292082.59,2026-04,-10694.54
ONDOUSDT+BCHUSDT+ZECUSDT+ADAUSDT,4,190.79,10.36,1.7819,3.977,42.41,790,71,0.4504,2424892.5,46.1,53.9,2026-01,356954.27,2026-04,-194036.85
ONDOUSDT+BCHUSDT+DOGEUSDT+1000PEPEUSDT,4,173.62,12.67,1.9337,3.706,42.44,747,78,0.5631,2024800.88,46.6,53.4,2026-01,248894.57,2026-04,-28361.66
ONDOUSDT+BCHUSDT+DOGEUSDT+SUIUSDT,4,167.23,12.09,1.9339,3.835,41.71,772,73,0.5394,1884032.74,46.4,53.6,2026-01,277567.71,2024-10,-6810.87
ONDOUSDT+BCHUSDT+DOGEUSDT+ADAUSDT,4,177.85,9.13,1.8865,3.805,42.6,763,86,0.5715,2116673.05,45.0,55.0,2026-01,369445.46,2026-04,-45109.79
ONDOUSDT+BCHUSDT+1000PEPEUSDT+SUIUSDT,4,167.55,11.09,1.8859,3.673,41.27,773,71,0.5017,1893594.91,46.6,53.4,2026-01,210332.72,2024-10,-16338.42
ONDOUSDT+BCHUSDT+1000PEPEUSDT+ADAUSDT,4,175.54,13.83,1.8228,3.638,42.0,769,79,0.5233,2067594.16,46.2,53.8,2026-01,278111.22,2026-04,-109362.48
ONDOUSDT+BCHUSDT+SUIUSDT+ADAUSDT,4,166.44,12.07,1.8149,3.704,41.27,790,78,0.5249,1867547.35,44.9,55.1,2026-01,290292.31,2025-06,-37108.87
ONDOUSDT+TONUSDT+XLMUSDT+ZECUSDT,4,176.76,10.93,1.7869,3.741,42.31,813,57,0.3993,2091868.81,45.3,54.7,2026-01,404844.13,2024-10,-6395.74
ONDOUSDT+TONUSDT+XLMUSDT+DOGEUSDT,4,154.97,11.35,1.8274,3.521,42.05,792,66,0.4947,1637426.23,43.8,56.2,2026-01,334478.87,2024-07,-9170.6
ONDOUSDT+TONUSDT+XLMUSDT+1000PEPEUSDT,4,176.35,12.04,1.9163,3.666,42.38,781,76,0.4493,2085919.14,44.6,55.4,2026-01,368625.64,2024-10,-15091.16
ONDOUSDT+TONUSDT+XLMUSDT+SUIUSDT,4,148.34,15.02,1.8298,3.434,40.91,814,63,0.4603,1513636.42,44.5,55.5,2026-01,286136.94,2024-10,-11611.66
ONDOUSDT+TONUSDT+XLMUSDT+ADAUSDT,4,154.39,15.04,1.7492,3.41,41.5,812,69,0.5049,1626425.84,42.6,57.4,2026-01,376913.3,2026-02,-47706.72
ONDOUSDT+TONUSDT+ZECUSDT+DOGEUSDT,4,176.58,9.49,1.7571,3.805,42.06,775,62,0.4446,2085291.83,45.0,55.0,2026-01,388764.95,2026-03,-61526.47
ONDOUSDT+TONUSDT+ZECUSDT+1000PEPEUSDT,4,188.73,9.92,1.7938,3.886,42.32,768,68,0.4104,2377789.08,46.1,53.9,2026-01,390914.36,2026-03,-104696.85
ONDOUSDT+TONUSDT+ZECUSDT+SUIUSDT,4,182.59,8.72,1.8012,3.901,41.74,793,63,0.4227,2223760.6,45.8,54.2,2026-01,363481.52,2026-03,-33561.72
ONDOUSDT+TONUSDT+ZECUSDT+ADAUSDT,4,176.57,11.6,1.7142,3.76,41.64,795,65,0.4378,2085090.28,43.9,56.1,2026-01,397640.42,2026-04,-26659.87
ONDOUSDT+TONUSDT+DOGEUSDT+1000PEPEUSDT,4,162.31,13.64,1.8586,3.651,41.96,746,78,0.5407,1784826.87,44.2,55.8,2026-01,315221.65,2024-07,-11145.39
ONDOUSDT+TONUSDT+DOGEUSDT+SUIUSDT,4,159.87,15.77,1.9012,3.681,41.49,764,80,0.5279,1731446.26,44.9,55.1,2026-01,314356.67,2023-08,-5776.67
ONDOUSDT+TONUSDT+DOGEUSDT+ADAUSDT,4,158.66,16.32,1.7882,3.564,41.64,766,82,0.5569,1705079.63,42.7,57.3,2026-01,357576.08,2024-07,-18687.45
ONDOUSDT+TONUSDT+1000PEPEUSDT+SUIUSDT,4,159.38,15.2,1.828,3.61,40.88,773,70,0.4909,1726014.1,45.3,54.7,2026-01,261322.57,2024-10,-15849.96
ONDOUSDT+TONUSDT+1000PEPEUSDT+ADAUSDT,4,177.9,14.12,1.8061,3.741,41.99,774,73,0.5095,2121105.78,43.5,56.5,2026-01,429109.59,2025-04,-18753.38
ONDOUSDT+TONUSDT+SUIUSDT+ADAUSDT,4,164.81,19.0,1.8369,3.687,41.01,795,72,0.5218,1831442.35,43.5,56.5,2026-01,339544.17,2024-10,-19606.21
ONDOUSDT+XLMUSDT+ZECUSDT+DOGEUSDT,4,178.98,9.37,1.7924,3.735,42.26,807,80,0.4674,2142448.22,45.6,54.4,2026-01,314247.27,2025-03,-3026.6
ONDOUSDT+XLMUSDT+ZECUSDT+1000PEPEUSDT,4,188.55,9.63,1.7625,3.755,42.31,806,80,0.426,2373380.62,46.8,53.2,2025-12,289683.36,2025-04,-27481.48
ONDOUSDT+XLMUSDT+ZECUSDT+SUIUSDT,4,168.91,10.63,1.7802,3.559,41.18,828,78,0.437,1919641.86,46.3,53.7,2026-01,301084.78,2024-10,-11152.09
ONDOUSDT+XLMUSDT+ZECUSDT+ADAUSDT,4,166.2,10.21,1.6764,3.513,41.34,820,90,0.4804,1862474.64,44.6,55.4,2026-01,318154.36,2025-04,-38976.0
ONDOUSDT+XLMUSDT+DOGEUSDT+1000PEPEUSDT,4,169.26,12.33,1.8482,3.572,42.25,781,93,0.5509,1930066.69,44.8,55.2,2026-01,257067.46,2024-10,-9864.66
ONDOUSDT+XLMUSDT+DOGEUSDT+SUIUSDT,4,153.75,12.07,1.8079,3.476,41.09,808,86,0.5368,1614176.57,45.3,54.7,2026-01,272848.5,2026-05,-46934.96
ONDOUSDT+XLMUSDT+DOGEUSDT+ADAUSDT,4,149.27,13.75,1.7322,3.328,41.26,795,103,0.5941,1530521.13,43.1,56.9,2026-01,286366.25,2026-05,-66687.52
ONDOUSDT+XLMUSDT+1000PEPEUSDT+SUIUSDT,4,148.89,11.62,1.7781,3.328,40.47,808,85,0.4926,1525647.26,45.3,54.7,2026-01,192389.41,2024-10,-15973.15
ONDOUSDT+XLMUSDT+1000PEPEUSDT+ADAUSDT,4,155.27,13.25,1.726,3.327,41.04,804,93,0.5395,1645526.32,44.2,55.8,2026-01,251568.27,2025-04,-35036.1
ONDOUSDT+XLMUSDT+SUIUSDT+ADAUSDT,4,149.26,14.26,1.7105,3.333,40.48,825,92,0.5506,1530340.98,43.8,56.2,2026-01,268224.81,2026-05,-42836.96
ONDOUSDT+ZECUSDT+DOGEUSDT+1000PEPEUSDT,4,168.21,10.66,1.6994,3.629,41.45,772,81,0.5087,1907601.13,46.5,53.5,2026-01,244091.21,2026-03,-10216.75
ONDOUSDT+ZECUSDT+DOGEUSDT+SUIUSDT,4,159.61,9.82,1.6924,3.551,40.81,794,79,0.4959,1726313.34,47.1,52.9,2026-01,262126.57,2023-11,-2272.01
ONDOUSDT+ZECUSDT+DOGEUSDT+ADAUSDT,4,166.57,10.33,1.6642,3.638,41.37,788,89,0.5237,1867862.54,44.7,55.3,2026-01,297152.58,2026-04,-15423.57
ONDOUSDT+ZECUSDT+1000PEPEUSDT+SUIUSDT,4,163.61,10.34,1.6837,3.581,40.42,804,68,0.4628,1811508.55,47.3,52.7,2026-01,204041.64,2026-03,-32171.9
ONDOUSDT+ZECUSDT+1000PEPEUSDT+ADAUSDT,4,185.27,11.67,1.6866,3.772,41.74,793,83,0.4802,2293693.27,46.0,54.0,2025-12,330452.67,2025-04,-75262.48
ONDOUSDT+ZECUSDT+SUIUSDT+ADAUSDT,4,163.73,11.11,1.6505,3.592,40.49,815,81,0.4926,1809274.52,45.2,54.8,2026-01,262507.26,2025-04,-35626.3
ONDOUSDT+DOGEUSDT+1000PEPEUSDT+SUIUSDT,4,143.96,13.09,1.7217,3.355,40.28,772,88,0.5975,1437055.97,45.6,54.4,2026-01,189702.23,2024-10,-9611.7
ONDOUSDT+DOGEUSDT+1000PEPEUSDT+ADAUSDT,4,159.36,12.06,1.7266,3.487,41.45,760,104,0.6288,1725593.3,43.9,56.1,2026-01,269905.11,2024-10,-13997.0
ONDOUSDT+DOGEUSDT+SUIUSDT+ADAUSDT,4,145.25,12.88,1.6867,3.368,40.3,789,95,0.616,1456416.71,44.2,55.8,2026-01,258451.17,2026-05,-51882.03
ONDOUSDT+1000PEPEUSDT+SUIUSDT+ADAUSDT,4,141.21,14.35,1.6446,3.248,39.57,796,87,0.5698,1389244.53,44.5,55.5,2026-01,200060.59,2025-04,-34524.05
ETHUSDT+BCHUSDT+TONUSDT+XLMUSDT,4,188.11,12.39,2.0121,3.869,43.76,793,56,0.4612,2342073.41,43.5,56.5,2026-03,347979.48,2025-06,-19583.65
ETHUSDT+BCHUSDT+TONUSDT+ZECUSDT,4,203.89,15.69,1.8719,4.264,43.85,780,48,0.4269,2745499.75,45.0,55.0,2026-05,430712.11,2026-04,-62725.21
ETHUSDT+BCHUSDT+TONUSDT+DOGEUSDT,4,195.63,11.3,2.0972,4.133,44.56,745,71,0.5421,2529125.73,43.8,56.2,2026-02,366942.3,2025-06,-22592.55
ETHUSDT+BCHUSDT+TONUSDT+1000PEPEUSDT,4,193.73,9.9,1.9676,4.055,43.8,758,57,0.502,2484837.78,44.6,55.4,2026-05,421299.63,2025-06,-36405.81
ETHUSDT+BCHUSDT+TONUSDT+SUIUSDT,4,183.85,17.05,1.9843,3.929,43.0,779,56,0.4894,2240311.23,43.8,56.2,2026-02,292546.01,2025-06,-54723.31
ETHUSDT+BCHUSDT+TONUSDT+ADAUSDT,4,179.84,14.72,1.8747,3.853,43.11,777,62,0.5224,2147447.75,42.1,57.9,2026-01,291081.58,2025-06,-51869.57
ETHUSDT+BCHUSDT+XLMUSDT+ZECUSDT,4,190.28,12.04,1.8331,3.935,43.26,816,62,0.4346,2394164.84,46.0,54.0,2026-02,318090.11,2026-04,-79848.89
ETHUSDT+BCHUSDT+XLMUSDT+DOGEUSDT,4,170.72,10.93,1.9271,3.638,43.18,792,74,0.5444,1944877.09,44.6,55.4,2026-03,278588.16,2025-06,-19195.45
ETHUSDT+BCHUSDT+XLMUSDT+1000PEPEUSDT,4,175.02,10.43,1.8643,3.602,42.93,792,73,0.4971,2041257.82,45.5,54.5,2026-03,261922.1,2024-10,-22591.14
ETHUSDT+BCHUSDT+XLMUSDT+SUIUSDT,4,174.34,16.21,1.907,3.687,42.61,812,73,0.4832,2023230.9,44.5,55.5,2026-03,272774.02,2025-06,-43728.61
ETHUSDT+BCHUSDT+XLMUSDT+ADAUSDT,4,165.06,15.41,1.8075,3.529,42.54,804,85,0.5445,1826027.4,43.0,57.0,2026-03,326384.68,2026-04,-45891.62
ETHUSDT+BCHUSDT+ZECUSDT+DOGEUSDT,4,194.98,11.84,1.8129,4.122,43.53,781,64,0.5068,2511516.82,46.0,54.0,2026-02,374336.94,2026-04,-65973.7
ETHUSDT+BCHUSDT+ZECUSDT+1000PEPEUSDT,4,203.81,11.43,1.7632,4.052,43.53,781,63,0.4706,2746927.84,47.0,53.0,2026-02,386119.21,2026-04,-132741.65
ETHUSDT+BCHUSDT+ZECUSDT+SUIUSDT,4,194.24,15.25,1.792,4.066,42.84,803,61,0.4581,2492866.44,45.8,54.2,2026-02,329223.28,2025-06,-44179.02
ETHUSDT+BCHUSDT+ZECUSDT+ADAUSDT,4,191.92,17.86,1.7526,3.991,43.09,796,72,0.4898,2434723.97,44.5,55.5,2026-03,359196.44,2026-04,-165300.1
ETHUSDT+BCHUSDT+DOGEUSDT+1000PEPEUSDT,4,168.78,14.11,1.8665,3.696,42.9,753,79,0.6153,1906302.38,45.4,54.6,2026-02,259820.88,2025-06,-29429.24
ETHUSDT+BCHUSDT+DOGEUSDT+SUIUSDT,4,162.82,14.76,1.8479,3.731,42.21,777,75,0.5776,1780527.21,45.2,54.8,2026-01,214649.23,2025-06,-30974.44
ETHUSDT+BCHUSDT+DOGEUSDT+ADAUSDT,4,164.98,12.44,1.7967,3.697,42.76,767,89,0.6233,1824394.84,43.5,56.5,2026-03,274325.72,2025-06,-35963.32
ETHUSDT+BCHUSDT+1000PEPEUSDT+SUIUSDT,4,179.39,14.64,1.8386,3.772,42.37,786,65,0.5386,2139534.18,45.0,55.0,2026-02,264247.68,2025-06,-43738.34
ETHUSDT+BCHUSDT+1000PEPEUSDT+ADAUSDT,4,167.42,13.82,1.7578,3.607,42.36,772,83,0.5739,1877641.16,44.4,55.6,2026-02,220073.09,2025-06,-58181.87
ETHUSDT+BCHUSDT+SUIUSDT+ADAUSDT,4,173.2,16.36,1.8062,3.758,42.21,796,79,0.5614,1998408.07,43.5,56.5,2026-03,298326.66,2025-06,-71932.27
ETHUSDT+TONUSDT+XLMUSDT+ZECUSDT,4,187.16,10.37,1.7901,3.822,43.08,817,60,0.423,2319195.68,43.7,56.3,2026-01,301684.27,2025-07,-22736.58
ETHUSDT+TONUSDT+XLMUSDT+DOGEUSDT,4,177.74,11.08,1.9601,3.646,43.57,785,80,0.5309,2099644.02,42.3,57.7,2026-01,349621.12,2024-07,-14028.87
ETHUSDT+TONUSDT+XLMUSDT+1000PEPEUSDT,4,171.83,12.23,1.8594,3.591,42.71,796,68,0.4843,1972234.48,43.1,56.9,2026-01,273160.83,2024-10,-19955.37
ETHUSDT+TONUSDT+XLMUSDT+SUIUSDT,4,162.49,16.17,1.8712,3.554,42.0,812,72,0.4812,1774486.29,42.6,57.4,2026-01,277613.55,2025-06,-26012.62
ETHUSDT+TONUSDT+XLMUSDT+ADAUSDT,4,154.71,16.97,1.766,3.429,41.96,808,80,0.5394,1622200.48,41.0,59.0,2026-01,254924.51,2025-06,-49199.96
ETHUSDT+TONUSDT+ZECUSDT+DOGEUSDT,4,190.44,12.31,1.7964,3.923,43.32,778,66,0.4832,2395683.56,43.8,56.2,2026-01,315452.5,2025-07,-7219.53
ETHUSDT+TONUSDT+ZECUSDT+1000PEPEUSDT,4,182.05,12.81,1.7381,3.9,42.42,785,58,0.4478,2201679.04,44.3,55.7,2026-05,291737.05,2024-10,-3958.23
ETHUSDT+TONUSDT+ZECUSDT+SUIUSDT,4,182.54,14.42,1.7922,3.874,42.36,798,65,0.446,2207086.39,43.5,56.5,2026-02,280763.38,2025-07,-47471.91
ETHUSDT+TONUSDT+ZECUSDT+ADAUSDT,4,186.81,12.37,1.7399,3.908,42.66,804,63,0.4747,2307721.37,42.3,57.7,2025-12,284617.85,2024-07,-23707.96
ETHUSDT+TONUSDT+DOGEUSDT+1000PEPEUSDT,4,176.01,16.21,1.8904,3.783,43.28,751,80,0.5905,2064076.94,43.0,57.0,2026-01,295848.19,2024-07,-15016.58
ETHUSDT+TONUSDT+DOGEUSDT+SUIUSDT,4,172.72,12.81,1.9006,3.744,42.73,770,81,0.5635,1986217.17,43.8,56.2,2026-01,291705.1,2025-06,-11826.6
ETHUSDT+TONUSDT+DOGEUSDT+ADAUSDT,4,170.46,12.43,1.8521,3.722,42.89,767,88,0.6062,1934848.94,41.5,58.5,2026-01,309800.22,2024-07,-22354.95
ETHUSDT+TONUSDT+1000PEPEUSDT+SUIUSDT,4,169.33,16.87,1.8581,3.712,42.0,781,69,0.5254,1918586.91,43.4,56.6,2026-01,220674.28,2024-10,-24865.57
ETHUSDT+TONUSDT+1000PEPEUSDT+ADAUSDT,4,176.48,13.31,1.8148,3.817,42.6,777,77,0.5575,2074500.35,42.0,58.0,2026-01,259186.84,2024-07,-21553.72
ETHUSDT+TONUSDT+SUIUSDT+ADAUSDT,4,165.5,13.99,1.7852,3.618,41.67,804,70,0.5559,1833791.18,41.8,58.2,2026-01,268116.81,2025-06,-44380.14
ETHUSDT+XLMUSDT+ZECUSDT+DOGEUSDT,4,169.84,9.1,1.7202,3.642,42.57,808,86,0.499,1911251.12,44.4,55.6,2025-12,259033.0,2026-05,-12710.36
ETHUSDT+XLMUSDT+ZECUSDT+1000PEPEUSDT,4,178.64,10.16,1.6872,3.651,42.4,816,77,0.4564,2117967.82,45.3,54.7,2026-02,245233.67,2025-04,-18899.45
ETHUSDT+XLMUSDT+ZECUSDT+SUIUSDT,4,164.48,14.19,1.6743,3.538,41.59,832,81,0.4533,1800634.54,44.7,55.3,2025-08,199013.54,2025-07,-13889.88
ETHUSDT+XLMUSDT+ZECUSDT+ADAUSDT,4,159.14,14.1,1.628,3.444,41.65,826,91,0.5103,1697899.21,43.5,56.5,2025-12,271590.36,2025-04,-31066.86
ETHUSDT+XLMUSDT+DOGEUSDT+1000PEPEUSDT,4,158.97,13.37,1.785,3.405,42.41,790,91,0.5937,1702919.86,43.9,56.1,2026-01,176047.3,2026-05,-14846.14
ETHUSDT+XLMUSDT+DOGEUSDT+SUIUSDT,4,152.45,14.44,1.7729,3.409,41.78,809,92,0.5655,1567985.55,44.1,55.9,2026-04,243045.53,2026-05,-76523.95
ETHUSDT+XLMUSDT+DOGEUSDT+ADAUSDT,4,136.5,11.9,1.6812,3.129,41.35,798,107,0.6364,1293796.28,42.4,57.6,2026-01,182055.81,2026-05,-82390.31
ETHUSDT+XLMUSDT+1000PEPEUSDT+SUIUSDT,4,148.11,17.58,1.7233,3.261,41.0,817,83,0.5201,1498833.51,43.7,56.3,2026-04,186951.02,2024-10,-24965.23
ETHUSDT+XLMUSDT+1000PEPEUSDT+ADAUSDT,4,148.73,12.34,1.6807,3.197,41.33,813,91,0.5805,1510140.05,42.7,57.3,2026-01,180399.89,2025-04,-31056.11
ETHUSDT+XLMUSDT+SUIUSDT+ADAUSDT,4,145.8,14.87,1.678,3.298,41.1,820,104,0.5776,1450955.95,42.2,57.8,2026-01,168554.54,2026-05,-69757.17
ETHUSDT+ZECUSDT+DOGEUSDT+1000PEPEUSDT,4,166.76,14.86,1.6363,3.656,41.96,784,76,0.5538,1860283.19,45.3,54.7,2026-02,179717.54,2023-11,-167.37
ETHUSDT+ZECUSDT+DOGEUSDT+SUIUSDT,4,158.15,12.42,1.6409,3.585,41.38,800,80,0.527,1673598.62,45.4,54.6,2026-01,198917.93,2026-05,-15064.55
ETHUSDT+ZECUSDT+DOGEUSDT+ADAUSDT,4,166.13,11.55,1.6533,3.585,41.99,793,91,0.5683,1835539.71,43.3,56.7,2025-12,264676.2,2026-05,-22563.44
ETHUSDT+ZECUSDT+1000PEPEUSDT+SUIUSDT,4,156.64,14.47,1.6243,3.548,40.72,808,71,0.4927,1657785.4,45.5,54.5,2026-02,166542.25,2025-04,-15229.32
ETHUSDT+ZECUSDT+1000PEPEUSDT+ADAUSDT,4,173.73,11.53,1.6223,3.676,41.85,798,85,0.5236,2008702.43,44.0,56.0,2025-12,196411.36,2025-04,-73681.48
ETHUSDT+ZECUSDT+SUIUSDT+ADAUSDT,4,173.73,14.84,1.6494,3.634,41.53,821,82,0.522,1996044.33,43.6,56.4,2026-02,205887.82,2025-06,-31527.39
ETHUSDT+DOGEUSDT+1000PEPEUSDT+SUIUSDT,4,143.32,18.63,1.688,3.317,40.95,779,88,0.6397,1414362.36,44.4,55.6,2026-04,185293.28,2025-06,-19645.61
ETHUSDT+DOGEUSDT+1000PEPEUSDT+ADAUSDT,4,155.87,12.43,1.6814,3.436,41.95,770,101,0.6846,1642999.02,43.0,57.0,2026-01,179800.77,2025-06,-26637.21
ETHUSDT+DOGEUSDT+SUIUSDT+ADAUSDT,4,149.34,13.42,1.673,3.329,41.24,793,98,0.6578,1512531.77,43.0,57.0,2026-01,210282.66,2026-05,-84032.96
ETHUSDT+1000PEPEUSDT+SUIUSDT+ADAUSDT,4,148.54,14.29,1.6341,3.29,40.6,803,87,0.6103,1506614.24,43.5,56.5,2026-03,151938.22,2024-10,-36381.47
BCHUSDT+TONUSDT+XLMUSDT+ZECUSDT,4,184.33,12.04,1.7657,3.919,42.56,827,65,0.3715,2251750.07,45.3,54.7,2026-01,359840.96,2024-10,-16425.81
BCHUSDT+TONUSDT+XLMUSDT+DOGEUSDT,4,187.13,11.78,1.9259,3.898,43.26,816,64,0.4596,2318444.68,43.8,56.2,2026-01,392358.48,2024-10,-16004.63
BCHUSDT+TONUSDT+XLMUSDT+1000PEPEUSDT,4,178.9,13.63,1.8191,3.745,42.47,817,62,0.4105,2129060.65,44.7,55.3,2026-01,318078.88,2024-10,-30964.77
BCHUSDT+TONUSDT+XLMUSDT+SUIUSDT,4,178.4,12.87,1.8793,3.764,42.09,841,58,0.407,2114573.72,43.9,56.1,2026-01,340154.97,2024-10,-27585.22
BCHUSDT+TONUSDT+XLMUSDT+ADAUSDT,4,165.88,14.47,1.7466,3.594,41.92,835,68,0.4616,1843568.54,42.4,57.6,2026-01,331200.08,2025-06,-40008.31
BCHUSDT+TONUSDT+ZECUSDT+DOGEUSDT,4,207.41,13.12,1.8461,4.299,43.55,799,60,0.4215,2841459.97,45.2,54.8,2026-01,408609.7,2023-10,2526.62
BCHUSDT+TONUSDT+ZECUSDT+1000PEPEUSDT,4,196.27,12.17,1.7384,4.034,42.64,802,56,0.3835,2549470.06,46.0,54.0,2026-05,437355.69,2026-04,-48596.04
BCHUSDT+TONUSDT+ZECUSDT+SUIUSDT,4,191.77,16.85,1.7657,4.094,42.18,818,60,0.3814,2431869.16,45.4,54.6,2026-01,334639.33,2025-07,-64690.78
BCHUSDT+TONUSDT+ZECUSDT+ADAUSDT,4,191.1,15.04,1.7193,4.032,42.45,815,67,0.4064,2415322.36,44.3,55.7,2026-01,339336.38,2026-04,-84929.27
BCHUSDT+TONUSDT+DOGEUSDT+1000PEPEUSDT,4,189.49,12.63,1.9083,3.969,43.15,781,65,0.5066,2379453.49,44.4,55.6,2026-01,353049.58,2024-10,-16758.48
BCHUSDT+TONUSDT+DOGEUSDT+SUIUSDT,4,194.54,12.91,1.9341,4.159,42.95,801,65,0.4793,2501433.14,44.3,55.7,2026-01,374571.7,2025-06,-12713.47
BCHUSDT+TONUSDT+DOGEUSDT+ADAUSDT,4,179.91,11.34,1.8109,3.887,42.75,793,77,0.5183,2149056.06,42.9,57.1,2026-01,357771.0,2024-10,-14818.92
BCHUSDT+TONUSDT+1000PEPEUSDT+SUIUSDT,4,173.3,14.4,1.8025,3.768,41.53,809,56,0.4385,2004277.27,44.3,55.7,2026-01,258471.22,2024-10,-34095.4
BCHUSDT+TONUSDT+1000PEPEUSDT+ADAUSDT,4,177.66,14.23,1.7382,3.787,42.14,802,67,0.467,2100972.29,43.9,56.1,2026-01,313704.23,2026-04,-38907.13
BCHUSDT+TONUSDT+SUIUSDT+ADAUSDT,4,174.52,16.29,1.7683,3.794,41.55,828,61,0.4649,2027967.61,42.9,57.1,2026-01,314724.79,2025-06,-53862.33
BCHUSDT+XLMUSDT+ZECUSDT+DOGEUSDT,4,202.43,9.76,1.8029,4.098,43.32,831,78,0.4337,2705239.29,46.1,53.9,2026-01,366777.49,2025-03,-7148.44
BCHUSDT+XLMUSDT+ZECUSDT+1000PEPEUSDT,4,197.73,10.52,1.7603,3.871,42.82,829,79,0.3885,2586177.46,47.2,52.8,2026-02,297091.83,2026-04,-78035.14
BCHUSDT+XLMUSDT+ZECUSDT+SUIUSDT,4,186.43,12.89,1.749,3.804,42.01,857,71,0.385,2300686.17,46.1,53.9,2026-01,308592.1,2024-10,-21891.07
BCHUSDT+XLMUSDT+ZECUSDT+ADAUSDT,4,178.81,12.88,1.6435,3.767,42.03,847,85,0.4384,2123132.91,45.0,55.0,2026-01,294765.13,2026-04,-102699.5
BCHUSDT+XLMUSDT+DOGEUSDT+1000PEPEUSDT,4,167.86,14.61,1.8155,3.576,42.31,806,90,0.5062,1886969.55,45.7,54.3,2026-01,218831.45,2024-10,-15099.23
BCHUSDT+XLMUSDT+DOGEUSDT+SUIUSDT,4,163.77,13.55,1.8127,3.587,41.54,845,71,0.4775,1799669.52,45.1,54.9,2026-01,269510.08,2024-10,-19335.43
BCHUSDT+XLMUSDT+DOGEUSDT+ADAUSDT,4,158.77,12.29,1.7201,3.51,41.87,824,96,0.5448,1700036.99,43.7,56.3,2026-01,278145.25,2024-10,-19563.48
BCHUSDT+XLMUSDT+1000PEPEUSDT+SUIUSDT,4,185.45,13.49,1.8502,3.719,42.14,840,75,0.4296,2280935.28,45.2,54.8,2026-01,262165.69,2024-10,-37213.95
BCHUSDT+XLMUSDT+1000PEPEUSDT+ADAUSDT,4,159.42,15.28,1.6812,3.425,41.5,829,90,0.4864,1715177.0,44.4,55.6,2026-01,227073.9,2024-10,-38342.83
BCHUSDT+XLMUSDT+SUIUSDT+ADAUSDT,4,158.11,14.58,1.6975,3.504,41.05,855,84,0.483,1687010.71,43.2,56.8,2026-01,228743.2,2025-06,-45237.3
BCHUSDT+ZECUSDT+DOGEUSDT+1000PEPEUSDT,4,187.66,10.85,1.7162,3.85,42.5,800,75,0.4759,2334010.8,46.9,53.1,2026-02,320611.69,2026-04,-56526.72
BCHUSDT+ZECUSDT+DOGEUSDT+SUIUSDT,4,180.2,11.02,1.7031,3.97,41.69,830,65,0.4486,2154935.64,46.5,53.5,2026-02,288623.66,2024-10,-4877.34
BCHUSDT+ZECUSDT+DOGEUSDT+ADAUSDT,4,190.34,13.59,1.6831,4.006,42.56,813,86,0.4864,2395581.29,45.5,54.5,2025-12,304073.91,2026-04,-74900.21
BCHUSDT+ZECUSDT+1000PEPEUSDT+SUIUSDT,4,181.92,11.83,1.6929,3.767,41.35,827,67,0.4118,2197884.51,46.6,53.4,2026-02,260372.63,2024-10,-22734.39
BCHUSDT+ZECUSDT+1000PEPEUSDT+ADAUSDT,4,191.58,14.97,1.6537,3.811,42.18,818,80,0.4391,2430081.72,46.2,53.8,2026-02,267143.19,2026-04,-154127.68
BCHUSDT+ZECUSDT+SUIUSDT+ADAUSDT,4,182.67,17.86,1.6451,3.819,41.34,849,69,0.437,2212034.99,44.6,55.4,2026-01,262018.59,2026-04,-56535.1
BCHUSDT+DOGEUSDT+1000PEPEUSDT+SUIUSDT,4,164.3,14.83,1.7606,3.585,41.4,802,80,0.5392,1813080.61,45.3,54.7,2026-01,203109.93,2024-10,-19030.44
BCHUSDT+DOGEUSDT+1000PEPEUSDT+ADAUSDT,4,176.45,10.56,1.768,3.689,42.44,787,99,0.5804,2073083.92,44.3,55.7,2026-01,269747.18,2024-10,-24566.83
BCHUSDT+DOGEUSDT+SUIUSDT+ADAUSDT,4,168.93,14.23,1.7481,3.735,41.43,823,83,0.5532,1906684.79,44.0,56.0,2026-01,268300.93,2025-06,-34613.25
BCHUSDT+1000PEPEUSDT+SUIUSDT+ADAUSDT,4,164.07,16.83,1.6932,3.48,40.9,824,81,0.5032,1808369.12,44.4,55.6,2026-01,204496.04,2025-06,-53028.02
TONUSDT+XLMUSDT+ZECUSDT+DOGEUSDT,4,191.18,9.64,1.7329,3.84,42.86,833,75,0.4199,2417238.04,43.9,56.1,2026-01,381161.96,2026-03,-24255.95
TONUSDT+XLMUSDT+ZECUSDT+1000PEPEUSDT,4,181.27,11.2,1.6722,3.699,41.95,839,68,0.3754,2183495.86,44.7,55.3,2026-01,305122.52,2026-03,-53364.23
TONUSDT+XLMUSDT+ZECUSDT+SUIUSDT,4,176.29,11.1,1.7243,3.66,41.63,848,79,0.3827,2067124.77,44.0,56.0,2026-01,309891.71,2025-07,-36762.35
TONUSDT+XLMUSDT+ZECUSDT+ADAUSDT,4,173.73,11.35,1.6235,3.602,41.66,857,74,0.433,2010588.71,42.7,57.3,2026-01,329918.63,2024-10,-21012.93
TONUSDT+XLMUSDT+DOGEUSDT+1000PEPEUSDT,4,164.43,14.79,1.7383,3.521,42.01,814,81,0.4911,1816436.3,43.1,56.9,2026-01,289067.94,2024-10,-15692.88
TONUSDT+XLMUSDT+DOGEUSDT+SUIUSDT,4,162.75,12.01,1.7688,3.57,41.59,832,83,0.4733,1779651.73,43.5,56.5,2026-01,303449.85,2024-10,-10184.02
TONUSDT+XLMUSDT+DOGEUSDT+ADAUSDT,4,158.71,14.91,1.7057,3.403,41.63,836,83,0.5375,1699421.74,41.1,58.9,2026-01,317625.15,2025-06,-24234.49
TONUSDT+XLMUSDT+1000PEPEUSDT+SUIUSDT,4,151.43,17.45,1.7168,3.328,40.54,846,68,0.4261,1562932.41,43.5,56.5,2026-01,246965.82,2024-10,-33540.03
TONUSDT+XLMUSDT+1000PEPEUSDT+ADAUSDT,4,154.52,15.27,1.6459,3.369,41.02,841,77,0.4798,1620962.78,42.1,57.9,2026-01,291349.13,2025-06,-34643.52
TONUSDT+XLMUSDT+SUIUSDT+ADAUSDT,4,144.45,17.68,1.6596,3.337,40.35,855,83,0.4872,1435145.07,41.5,58.5,2026-01,226354.81,2025-06,-55766.46
TONUSDT+ZECUSDT+DOGEUSDT+1000PEPEUSDT,4,184.17,10.02,1.6693,3.9,42.22,803,71,0.4507,2251485.59,44.7,55.3,2026-01,309043.47,2026-03,-101387.4
TONUSDT+ZECUSDT+DOGEUSDT+SUIUSDT,4,186.6,11.3,1.702,3.948,41.97,822,72,0.4342,2302787.1,45.0,55.0,2026-01,318995.07,2026-03,-38328.59
TONUSDT+ZECUSDT+DOGEUSDT+ADAUSDT,4,184.1,12.32,1.6438,3.844,42.01,826,72,0.4689,2243387.7,42.9,57.1,2026-01,335633.01,2024-06,-10866.94
TONUSDT+ZECUSDT+1000PEPEUSDT+SUIUSDT,4,171.36,9.45,1.6608,3.695,40.92,826,67,0.3982,1962072.54,44.9,55.1,2026-01,228991.12,2026-03,-72926.57
TONUSDT+ZECUSDT+1000PEPEUSDT+ADAUSDT,4,188.55,11.31,1.5918,3.857,41.84,827,70,0.4224,2356342.31,43.8,56.2,2026-01,306878.71,2026-03,-44101.28
TONUSDT+ZECUSDT+SUIUSDT+ADAUSDT,4,186.47,11.61,1.6586,3.866,41.49,846,71,0.4311,2299804.31,43.0,57.0,2026-01,296511.71,2024-10,-18476.99
TONUSDT+DOGEUSDT+1000PEPEUSDT+SUIUSDT,4,172.21,13.9,1.7865,3.748,41.75,800,81,0.5236,1980573.34,43.5,56.5,2026-01,285039.68,2024-10,-14108.24
TONUSDT+DOGEUSDT+1000PEPEUSDT+ADAUSDT,4,171.17,15.17,1.7152,3.682,41.9,802,83,0.5617,1957929.98,42.1,57.9,2026-01,304951.09,2024-07,-23443.96
TONUSDT+DOGEUSDT+SUIUSDT+ADAUSDT,4,178.47,12.34,1.7597,3.787,41.82,825,80,0.5454,2113805.47,42.2,57.8,2026-01,325461.01,2024-07,-15074.31
TONUSDT+1000PEPEUSDT+SUIUSDT+ADAUSDT,4,165.56,16.13,1.6866,3.586,40.77,834,70,0.496,1839621.0,42.3,57.7,2026-01,253090.88,2024-10,-37115.53
XLMUSDT+ZECUSDT+DOGEUSDT+1000PEPEUSDT,4,187.09,10.48,1.6519,3.756,42.48,831,93,0.4638,2315293.36,45.4,54.6,2025-12,267090.21,2026-03,-52720.13
XLMUSDT+ZECUSDT+DOGEUSDT+SUIUSDT,4,164.57,11.12,1.6154,3.598,41.25,851,93,0.446,1802431.89,45.2,54.8,2026-01,248471.05,2026-05,-52835.2
XLMUSDT+ZECUSDT+DOGEUSDT+ADAUSDT,4,171.27,11.4,1.5971,3.557,41.7,849,99,0.509,1945499.5,43.7,56.3,2025-12,335158.37,2026-05,-63364.28
XLMUSDT+ZECUSDT+1000PEPEUSDT+SUIUSDT,4,172.13,12.05,1.6444,3.511,41.09,859,84,0.4027,1973933.3,45.8,54.2,2026-01,230157.43,2026-03,-70486.44
XLMUSDT+ZECUSDT+1000PEPEUSDT+ADAUSDT,4,169.49,12.07,1.5686,3.45,41.31,852,95,0.4552,1917578.99,44.4,55.6,2025-12,271523.57,2025-04,-56435.42
XLMUSDT+ZECUSDT+SUIUSDT+ADAUSDT,4,155.75,13.26,1.5417,3.375,40.46,870,97,0.4627,1632794.83,43.9,56.1,2026-01,184765.76,2026-05,-63165.73
XLMUSDT+DOGEUSDT+1000PEPEUSDT+SUIUSDT,4,150.33,15.74,1.6398,3.261,40.74,842,89,0.5228,1539231.93,44.4,55.6,2026-04,238100.65,2026-05,-46707.56
XLMUSDT+DOGEUSDT+1000PEPEUSDT+ADAUSDT,4,144.38,11.84,1.6017,3.153,40.79,831,104,0.5893,1432734.78,43.0,57.0,2025-12,199444.39,2026-05,-49012.04
XLMUSDT+DOGEUSDT+SUIUSDT+ADAUSDT,4,140.31,13.86,1.5831,3.191,40.28,854,101,0.5716,1356666.58,42.6,57.4,2026-04,200621.63,2026-05,-118229.11
XLMUSDT+1000PEPEUSDT+SUIUSDT+ADAUSDT,4,142.73,17.84,1.5847,3.106,40.0,860,94,0.5151,1404085.54,42.7,57.3,2026-01,180480.97,2024-10,-43955.43
ZECUSDT+DOGEUSDT+1000PEPEUSDT+SUIUSDT,4,155.55,13.01,1.5527,3.463,40.39,822,88,0.4916,1636774.68,46.1,53.9,2026-01,173472.36,2026-03,-61909.32
ZECUSDT+DOGEUSDT+1000PEPEUSDT+ADAUSDT,4,164.65,11.75,1.5288,3.531,41.08,818,96,0.5285,1816790.54,44.6,55.4,2025-12,234594.34,2026-05,-30820.2
ZECUSDT+DOGEUSDT+SUIUSDT+ADAUSDT,4,169.22,13.53,1.5675,3.592,40.93,843,91,0.5122,1900014.06,44.2,55.8,2026-01,218285.36,2026-05,-66976.79
ZECUSDT+1000PEPEUSDT+SUIUSDT+ADAUSDT,4,167.51,13.76,1.5385,3.505,40.45,848,85,0.4668,1875832.59,44.8,55.2,2026-01,171894.26,2025-04,-68528.38
DOGEUSDT+1000PEPEUSDT+SUIUSDT+ADAUSDT,4,139.26,14.25,1.5437,3.131,39.81,824,97,0.6105,1345176.45,43.3,56.7,2026-01,178702.57,2026-05,-35532.85
